qid,cand,correct,tuned
1473,0,True,-0.86657614
1473,1,True,-0.86657614
1473,2,True,-0.86657614
1473,3,False,-0.9989506
1473,4,True,-0.86657614
1473,5,True,-0.85833895
1473,6,True,-0.85833895
1473,7,True,-0.85833895
1473,8,True,-0.86657614
1484,0,False,0.93037397
1484,1,False,0.93037397
1484,2,False,0.13970602
1484,3,False,0.93037397
1484,4,False,0.93037397
1484,5,False,0.93037397
1484,6,False,0.93037397
1484,7,False,0.93037397
1484,8,False,0.93037397
1493,0,True,-0.86901313
1493,1,True,-0.86901313
1493,2,True,-0.86901313
1493,3,True,-0.86901313
1493,4,True,-0.86901313
1493,5,True,-0.86901313
1493,6,True,-0.8690131
1493,7,True,-0.8690131
1493,8,True,-0.8690131
1509,0,True,0.660156
1509,1,True,0.660156
1509,2,True,0.660156
1509,3,True,0.660156
1509,4,True,0.660156
1509,5,True,0.66015553
1509,6,True,0.66015553
1509,7,True,0.66015553
1509,8,True,0.66015553
1528,0,True,-0.08571565
1528,1,True,-0.08571565
1528,2,True,-0.08571565
1528,3,True,-0.08571565
1528,4,True,-0.08571565
1528,5,True,-0.08571565
1528,6,True,-0.08571565
1528,7,True,-0.08571565
1528,8,True,-0.08571565
1312,0,True,0.9985448
1312,1,True,0.9985448
1312,2,True,0.9985448
1312,3,True,0.9985448
1312,4,True,0.9985448
1312,5,True,0.9985448
1312,6,True,0.9985448
1312,7,True,0.9985448
1312,8,True,0.9985448
1317,0,True,0.9937785
1317,1,True,0.9937785
1317,2,True,0.9937785
1317,3,True,0.9937785
1317,4,True,0.9937785
1317,5,True,0.9937785
1317,6,True,0.9937785
1317,7,True,0.9937785
1317,8,True,0.9937785
1322,0,True,0.9981964
1322,1,True,0.9981964
1322,2,True,0.9981964
1322,3,True,0.99825454
1322,4,False,0.997648
1322,5,True,0.9981964
1322,6,True,0.99765843
1322,7,True,0.9981964
1322,8,True,0.99765843
1331,0,True,0.99707645
1331,1,True,0.99707645
1331,2,True,0.99707645
1331,3,True,0.99707645
1331,4,True,0.99707645
1331,5,True,0.99707645
1331,6,True,0.99707645
1331,7,True,0.99707645
1331,8,True,0.99707645
1334,0,True,0.86464846
1334,1,True,0.86464846
1334,2,True,0.9021263
1334,3,True,0.86464846
1334,4,True,0.86464846
1334,5,True,0.9021263
1334,6,True,0.86464846
1334,7,True,0.8646476
1334,8,True,0.8646476
1346,0,True,0.9988516
1346,1,True,0.9988516
1346,2,True,0.9988516
1346,3,True,0.9988516
1346,4,True,0.9988516
1346,5,True,0.9988516
1346,6,True,0.9988516
1346,7,True,0.9988516
1346,8,True,0.9988516
1350,0,False,-0.99735355
1350,1,False,-0.99735355
1350,2,False,-0.99735355
1350,3,False,-0.99735355
1350,4,False,-0.99735355
1350,5,False,-0.99735355
1350,6,False,-0.99735355
1350,7,False,-0.99735355
1350,8,False,-0.99735355
1362,0,True,0.99725175
1362,1,True,0.99725175
1362,2,True,0.99725175
1362,3,True,0.99725175
1362,4,True,0.99725175
1362,5,True,0.99725175
1362,6,True,0.99725175
1362,7,True,0.99725175
1362,8,True,0.99725175
1375,0,True,0.9988017
1375,1,True,0.9988017
1375,2,True,0.9988017
1375,3,True,0.9988017
1375,4,True,0.9988017
1375,5,True,0.9988017
1375,6,True,0.9988017
1375,7,True,0.9988017
1375,8,True,0.9988017
1380,0,True,0.99851495
1380,1,True,0.99851495
1380,2,True,0.99851495
1380,3,True,0.99851495
1380,4,True,0.99851495
1380,5,True,0.99851495
1380,6,True,0.99851495
1380,7,True,0.99851495
1380,8,True,0.99851495
1389,0,False,-0.99171406
1389,1,False,-0.9896722
1389,2,False,-0.99171406
1389,3,False,-0.9896722
1389,4,False,-0.99171406
1389,5,False,-0.99171406
1389,6,False,-0.9896722
1389,7,False,-0.99171406
1389,8,False,-0.99171406
1394,0,True,0.99871683
1394,1,True,0.9987131
1394,2,True,0.9986981
1394,3,True,0.9987131
1394,4,True,0.9987131
1394,5,True,0.9987131
1394,6,True,0.9986981
1394,7,True,0.9987131
1394,8,True,0.99871683
1410,0,True,0.99323374
1410,1,True,0.99323374
1410,2,True,0.99323374
1410,3,False,-0.9786847
1410,4,True,0.99323374
1410,5,True,0.99323374
1410,6,False,-0.9786847
1410,7,False,-0.9786847
1410,8,False,-0.9786847
1411,0,True,0.99873585
1411,1,True,0.99873585
1411,2,True,0.99873585
1411,3,True,0.99873585
1411,4,True,0.99873585
1411,5,True,0.99873585
1411,6,True,0.99873585
1411,7,True,0.99873585
1411,8,True,0.99873585
1432,0,True,0.679412
1432,1,True,0.679412
1432,2,True,0.3592391
1432,3,True,0.21453387
1432,4,True,0.679412
1432,5,True,0.21453387
1432,6,True,0.679412
1432,7,True,0.21453387
1432,8,True,0.679412
1435,0,True,0.9989269
1435,1,True,0.9989269
1435,2,True,0.9989269
1435,3,True,0.9989269
1435,4,True,0.9989269
1435,5,True,0.9989269
1435,6,True,0.9989269
1435,7,True,0.9989269
1435,8,True,0.9989269
1149,0,False,0.6827097
1149,1,False,0.6827097
1149,2,False,0.6827097
1149,3,False,0.6827097
1149,4,False,0.6827097
1149,5,False,0.6827097
1149,6,False,0.6827097
1149,7,False,-0.55623835
1149,8,False,0.6827097
1162,0,False,-0.99879247
1162,1,True,0.9929657
1162,2,True,0.9929657
1162,3,False,-0.99879247
1162,4,False,-0.99879247
1162,5,False,-0.99879247
1162,6,True,0.9929657
1162,7,True,0.9929657
1162,8,True,0.9929657
1179,0,True,0.99528253
1179,1,True,0.99528253
1179,2,True,0.99528253
1179,3,True,0.99528253
1179,4,True,0.99528253
1179,5,True,0.99528253
1179,6,True,0.99528253
1179,7,True,0.99528253
1179,8,True,0.99528253
1198,0,True,0.9984265
1198,1,True,0.9984265
1198,2,True,0.9984265
1198,3,True,0.9984265
1198,4,True,0.9984265
1198,5,True,0.9984265
1198,6,True,0.9984265
1198,7,True,0.9984265
1198,8,True,0.9984265
1205,0,True,-0.995587
1205,1,True,-0.9948048
1205,2,True,-0.995587
1205,3,True,-0.995587
1205,4,True,-0.995587
1205,5,True,-0.9948048
1205,6,True,-0.995587
1205,7,True,-0.99490964
1205,8,True,-0.995587
1209,0,False,0.96002823
1209,1,False,-0.99886495
1209,2,False,0.9931706
1209,3,False,0.96002823
1209,4,False,-0.99886495
1209,5,False,0.96002823
1209,6,False,-0.9988616
1209,7,False,-0.9988616
1209,8,False,0.96002823
1235,0,False,0.64781916
1235,1,False,0.6406743
1235,2,False,0.64781916
1235,3,False,0.6482119
1235,4,False,0.64781916
1235,5,False,0.6482119
1235,6,False,0.6482119
1235,7,False,0.6385572
1235,8,False,0.6482119
1265,0,False,-0.99501
1265,1,False,-0.99501
1265,2,False,-0.99501
1265,3,False,-0.99501
1265,4,False,-0.99501
1265,5,False,-0.99501
1265,6,False,-0.99501
1265,7,False,-0.99501
1265,8,False,-0.99501
1270,0,False,-0.96840763
1270,1,False,-0.96840763
1270,2,False,-0.96840763
1270,3,False,-0.96840763
1270,4,False,-0.96840763
1270,5,False,-0.96840763
1270,6,False,-0.96840763
1270,7,False,-0.96840763
1270,8,False,-0.96840763
1025,0,True,-0.9160451
1025,1,True,-0.9160451
1025,2,True,-0.9160451
1025,3,True,-0.9160451
1025,4,True,-0.9160451
1025,5,True,-0.9160451
1025,6,True,-0.9160451
1025,7,True,-0.9160451
1025,8,True,-0.9160451
1030,0,True,-0.02204287
1030,1,True,-0.02204287
1030,2,True,-0.02204287
1030,3,True,-0.02204287
1030,4,True,-0.02204287
1030,5,True,-0.02204287
1030,6,True,-0.02204287
1030,7,True,-0.02204287
1030,8,True,-0.02204287
1031,0,True,0.95779866
1031,1,True,0.93528944
1031,2,False,0.9204999
1031,3,False,0.9204999
1031,4,True,0.93528944
1031,5,True,0.8927093
1031,6,False,0.9201261
1031,7,True,0.88788855
1031,8,True,0.8446673
1048,0,True,0.9986541
1048,1,True,0.9986541
1048,2,True,0.9986541
1048,3,True,0.9986541
1048,4,True,0.9986541
1048,5,True,0.9986541
1048,6,True,0.9986541
1048,7,True,0.9986541
1048,8,True,0.9986541
1057,0,True,0.98854935
1057,1,True,0.98854935
1057,2,True,0.98854935
1057,3,True,0.98854935
1057,4,True,0.98929113
1057,5,True,0.98929113
1057,6,True,0.98854935
1057,7,True,0.98929113
1057,8,True,0.98854935
1088,0,True,0.99853677
1088,1,True,0.99853677
1088,2,True,0.99853677
1088,3,True,0.99853677
1088,4,True,0.99853677
1088,5,True,0.99853677
1088,6,True,0.99853677
1088,7,True,0.99853677
1088,8,True,0.99853677
1094,0,False,-0.70678353
1094,1,False,-0.70678353
1094,2,True,0.3951257
1094,3,False,-0.69844043
1094,4,False,-0.70678353
1094,5,False,-0.70678353
1094,6,False,-0.70678353
1094,7,True,-0.86507756
1094,8,True,0.49923608
1110,0,True,0.99868006
1110,1,True,0.99868006
1110,2,True,0.99868006
1110,3,True,0.99868006
1110,4,True,0.99868006
1110,5,True,0.99868006
1110,6,True,0.99868006
1110,7,True,0.99868006
1110,8,True,0.99868006
1113,0,True,0.9983885
1113,1,True,0.9983885
1113,2,True,0.9983885
1113,3,True,0.9983885
1113,4,True,0.9983885
1113,5,True,0.9983885
1113,6,True,0.9983885
1113,7,True,0.9983885
1113,8,True,0.9983885
1139,0,True,0.99839675
1139,1,True,0.99839675
1139,2,True,0.99839675
1139,3,True,0.99839675
1139,4,True,0.99839675
1139,5,True,0.99839675
1139,6,True,0.99839675
1139,7,True,0.99839675
1139,8,True,0.99839675
1141,0,True,0.9987498
1141,1,True,0.9987498
1141,2,True,0.9987498
1141,3,True,0.9987498
1141,4,True,0.9987498
1141,5,True,0.9987498
1141,6,True,0.9987498
1141,7,True,0.9987498
1141,8,True,0.9987498
1148,0,False,-0.6344887
1148,1,False,-0.6344887
1148,2,False,-0.6344887
1148,3,False,-0.6344887
1148,4,False,-0.6344887
1148,5,False,-0.5119028
1148,6,False,-0.5119028
1148,7,False,-0.5119028
1148,8,False,-0.5119028
862,0,True,-0.9136186
862,1,True,-0.94858646
862,2,True,-0.9136186
862,3,True,-0.9136186
862,4,True,-0.9136186
862,5,True,-0.9136186
862,6,True,-0.9136186
862,7,True,-0.9136186
862,8,True,-0.9136186
868,0,True,0.99881756
868,1,True,0.99881756
868,2,True,0.99881756
868,3,True,0.99881756
868,4,True,0.99881756
868,5,True,0.99881756
868,6,True,0.99881756
868,7,True,0.99881756
868,8,True,0.99881756
879,0,False,0.997331
879,1,False,0.997331
879,2,False,0.997331
879,3,False,0.997331
879,4,False,0.997331
879,5,False,0.997331
879,6,False,0.997331
879,7,False,0.997331
879,8,False,0.997331
881,0,False,-0.9987951
881,1,False,-0.99884295
881,2,False,-0.9987951
881,3,False,-0.99863
881,4,False,-0.99884295
881,5,False,-0.9988083
881,6,False,-0.9987951
881,7,False,-0.99872845
881,8,False,-0.9987951
896,0,True,-0.48667002
896,1,True,-0.48667002
896,2,True,-0.48667002
896,3,True,-0.48667002
896,4,True,-0.48667002
896,5,True,-0.48667002
896,6,True,-0.48667002
896,7,True,-0.48667002
896,8,True,-0.48667002
897,0,True,0.71926135
897,1,False,0.66194344
897,2,False,0.66194344
897,3,False,0.66194344
897,4,True,0.71926135
897,5,True,0.71926135
897,6,False,0.66194344
897,7,False,0.66194344
897,8,False,0.66194344
902,0,True,0.99799865
902,1,True,0.99799865
902,2,True,0.99799865
902,3,True,0.99799865
902,4,True,0.99799865
902,5,True,0.99799865
902,6,True,0.99799865
902,7,True,0.99799865
902,8,True,0.99799865
904,0,False,0.9974009
904,1,False,0.9974009
904,2,False,0.9974009
904,3,False,0.9974009
904,4,False,0.9974009
904,5,False,0.9974009
904,6,False,0.9974009
904,7,False,0.9974009
904,8,False,0.9974009
909,0,True,0.7540898
909,1,True,0.7540898
909,2,True,0.7540898
909,3,True,0.7540898
909,4,True,0.7540898
909,5,True,0.7540898
909,6,True,0.7540898
909,7,True,0.7540898
909,8,True,0.7540898
910,0,True,0.95274556
910,1,True,0.95274556
910,2,True,0.95274556
910,3,True,0.95274556
910,4,True,0.95274556
910,5,True,0.95274556
910,6,True,0.95274556
910,7,True,0.95274556
910,8,True,0.95274556
930,0,True,0.9983889
930,1,True,0.9983889
930,2,True,0.9983889
930,3,True,0.9983889
930,4,True,0.9983889
930,5,True,0.9983889
930,6,True,0.9983889
930,7,True,0.9983889
930,8,True,0.9983889
931,0,True,0.9871985
931,1,True,0.9871985
931,2,True,0.9871985
931,3,True,0.9871985
931,4,True,0.9871985
931,5,True,0.9871985
931,6,True,0.9871985
931,7,True,0.9871985
931,8,True,0.9871985
933,0,True,0.99857914
933,1,True,0.99856716
933,2,True,0.99856716
933,3,True,0.99857914
933,4,True,0.99857914
933,5,True,0.99857914
933,6,True,0.99857914
933,7,True,0.99856716
933,8,True,0.99857914
948,0,False,0.95865446
948,1,False,0.9699954
948,2,False,0.95865446
948,3,False,0.95865446
948,4,False,0.9699954
948,5,False,0.95865446
948,6,False,0.9699954
948,7,False,0.9699954
948,8,False,0.95865446
962,0,True,0.42533338
962,1,True,0.42533338
962,2,True,0.42533338
962,3,True,0.42533338
962,4,True,0.42533338
962,5,True,0.42533338
962,6,True,0.08022386
962,7,True,0.42533338
962,8,True,0.42533338
963,0,False,-0.99501646
963,1,True,0.9719284
963,2,False,-0.99501646
963,3,True,0.9719284
963,4,False,-0.99501646
963,5,False,-0.99501646
963,6,False,-0.99501646
963,7,True,0.9719284
963,8,True,0.9719284
977,0,True,0.6623693
977,1,True,0.6623693
977,2,True,0.6623693
977,3,True,0.71002316
977,4,True,0.71002316
977,5,True,0.6623693
977,6,True,0.71002316
977,7,True,0.6623693
977,8,True,0.6623693
989,0,True,-0.8292844
989,1,True,-0.8292844
989,2,True,-0.8292844
989,3,True,-0.8292844
989,4,True,-0.8292844
989,5,True,-0.8292844
989,6,True,-0.8292844
989,7,True,-0.8292844
989,8,True,-0.84283894
1001,0,True,0.9622734
1001,1,True,0.9622734
1001,2,True,0.9622734
1001,3,True,0.9622734
1001,4,True,0.9622734
1001,5,True,0.9622734
1001,6,True,0.9622734
1001,7,True,0.9622734
1001,8,True,0.9622734
1002,0,True,0.95931417
1002,1,True,0.97964686
1002,2,True,0.97964686
1002,3,True,0.95931417
1002,4,True,0.97964686
1002,5,True,0.95931417
1002,6,True,0.95931417
1002,7,True,0.95931417
1002,8,True,0.95931417
1011,0,False,0.91088015
1011,1,False,0.91088015
1011,2,False,0.91088015
1011,3,False,0.91088015
1011,4,False,0.91088015
1011,5,False,0.91088015
1011,6,False,0.9505703
1011,7,False,0.91088015
1011,8,False,0.91088015
1014,0,True,-0.9754829
1014,1,True,0.9636789
1014,2,True,0.9636789
1014,3,True,0.9179151
1014,4,True,0.9179151
1014,5,True,-0.9754829
1014,6,True,0.9636789
1014,7,True,0.9179151
1014,8,True,0.9636789
730,0,True,0.9988698
730,1,True,0.9988698
730,2,True,0.9988698
730,3,True,0.9988191
730,4,True,0.9988191
730,5,True,0.9988698
730,6,True,0.9988698
730,7,True,0.9988698
730,8,True,0.9988191
737,0,True,0.9985529
737,1,True,0.9985529
737,2,True,0.9985529
737,3,True,0.9985529
737,4,True,0.9985529
737,5,True,0.9985529
737,6,True,0.9985529
737,7,True,0.9985529
737,8,True,0.9985529
745,0,True,0.9988752
745,1,True,0.9988752
745,2,True,0.9988752
745,3,True,0.9988752
745,4,True,0.9988752
745,5,True,0.9988752
745,6,True,0.9988752
745,7,True,0.9988752
745,8,True,0.9988752
761,0,True,0.97182673
761,1,True,0.97182673
761,2,True,0.97182673
761,3,True,0.97182673
761,4,True,0.97182673
761,5,True,0.97182673
761,6,True,0.97182673
761,7,True,0.97182673
761,8,True,0.97182673
769,0,True,0.96871156
769,1,True,0.96871156
769,2,True,0.96871156
769,3,True,0.96871156
769,4,True,0.96871156
769,5,False,-0.99707806
769,6,False,-0.99707806
769,7,True,0.96871156
769,8,False,-0.99707806
788,0,False,0.7309339
788,1,False,0.9808341
788,2,False,0.7309339
788,3,False,0.9803695
788,4,False,0.9808341
788,5,False,0.9808341
788,6,False,0.7309339
788,7,False,0.9803695
788,8,False,0.9808341
790,0,False,-0.99899864
790,1,False,-0.99899864
790,2,False,-0.9989979
790,3,False,-0.99899864
790,4,False,-0.99899864
790,5,False,-0.99899864
790,6,False,-0.9989979
790,7,False,-0.99899864
790,8,True,0.7655284
791,0,False,-0.6991167
791,1,False,-0.6991169
791,2,False,-0.6991169
791,3,False,-0.6991169
791,4,False,-0.6991169
791,5,False,-0.6991169
791,6,False,-0.6991169
791,7,False,-0.6991169
791,8,False,-0.6991169
792,0,True,0.9989815
792,1,True,0.9989815
792,2,True,0.9989815
792,3,True,0.9989815
792,4,True,0.9989815
792,5,True,0.9989815
792,6,True,0.9989815
792,7,True,0.9989815
792,8,True,0.9989815
794,0,False,0.9898434
794,1,False,0.9898434
794,2,False,0.9898434
794,3,False,0.9898434
794,4,False,0.9898434
794,5,False,0.9898434
794,6,False,0.9898434
794,7,False,0.9898434
794,8,False,0.9898434
800,0,False,0.5906263
800,1,False,0.5906263
800,2,False,0.58969295
800,3,False,0.5906263
800,4,False,0.5906263
800,5,False,0.58969295
800,6,False,0.5906263
800,7,False,0.5906263
800,8,False,0.5906263
533,0,True,0.9971183
533,1,True,0.9971183
533,2,True,0.9971183
533,3,True,0.9971183
533,4,True,0.9971183
533,5,True,0.9971183
533,6,True,0.9971183
533,7,True,0.9971183
533,8,True,0.9971183
539,0,True,0.998622
539,1,True,0.998622
539,2,True,0.998622
539,3,True,0.998622
539,4,True,0.998622
539,5,True,0.998622
539,6,True,0.998622
539,7,True,0.998622
539,8,True,0.998622
565,0,True,0.6675352
565,1,True,0.6675352
565,2,True,0.6675352
565,3,True,0.6675352
565,4,True,0.6675352
565,5,True,0.6675352
565,6,True,0.6675352
565,7,True,0.6675352
565,8,True,0.6675352
568,0,True,0.998749
568,1,True,0.998749
568,2,True,0.998749
568,3,True,0.998749
568,4,True,0.998749
568,5,True,0.998749
568,6,True,0.998749
568,7,True,0.998749
568,8,True,0.998749
576,0,False,-0.9969221
576,1,False,-0.9964504
576,2,False,-0.9969221
576,3,False,-0.9964504
576,4,False,-0.9964504
576,5,False,-0.99448514
576,6,False,-0.9964504
576,7,False,-0.99805
576,8,False,-0.9969221
592,0,True,0.996922
592,1,True,0.996922
592,2,True,0.996922
592,3,True,0.9970356
592,4,True,0.9959148
592,5,True,0.9959148
592,6,True,0.9959148
592,7,True,0.996922
592,8,True,0.996922
595,0,True,0.93446064
595,1,True,0.93446064
595,2,True,0.93446064
595,3,True,0.93446064
595,4,True,0.93446064
595,5,True,0.93446064
595,6,True,0.93446064
595,7,True,0.93446064
595,8,True,0.93446064
633,0,True,0.9715897
633,1,True,0.96106017
633,2,True,0.96106017
633,3,True,0.96106017
633,4,True,0.96106017
633,5,True,0.96106017
633,6,True,0.96106017
633,7,True,0.96106017
633,8,True,0.96106017
639,0,True,0.9595568
639,1,True,0.9649563
639,2,True,0.9595568
639,3,True,0.9649563
639,4,True,0.9649563
639,5,True,0.9649563
639,6,True,0.9595568
639,7,True,0.9649563
639,8,True,0.9650794
640,0,False,-0.99545866
640,1,False,-0.9954089
640,2,False,-0.99896806
640,3,False,-0.99545866
640,4,False,-0.99244684
640,5,False,-0.99244684
640,6,False,-0.99324065
640,7,False,-0.99324065
640,8,False,-0.99896806
671,0,False,0.9947239
671,1,False,0.99521714
671,2,False,0.99521714
671,3,False,0.99521714
671,4,False,0.9947239
671,5,False,0.99521714
671,6,False,0.99521714
671,7,False,0.9947239
671,8,False,0.9947239
672,0,True,0.9979263
672,1,True,0.9979263
672,2,True,0.9979263
672,3,True,0.9979263
672,4,True,0.9979263
672,5,True,0.9979263
672,6,True,0.9979263
672,7,True,0.9979263
672,8,True,0.9979263
683,0,False,0.9389939
683,1,False,-0.99885184
683,2,False,0.9389939
683,3,False,0.80317414
683,4,False,-0.34986556
683,5,False,-0.34986556
683,6,False,-0.34986556
683,7,False,0.80317414
683,8,False,-0.34986556
687,0,True,0.9611805
687,1,True,0.9611805
687,2,True,0.9611805
687,3,True,0.9611805
687,4,True,0.9611805
687,5,True,0.9611805
687,6,True,0.9611805
687,7,True,0.9611805
687,8,True,0.96118057
341,0,False,0.9028907
341,1,False,0.9028907
341,2,False,0.9028907
341,3,False,0.9028907
341,4,False,0.9028907
341,5,False,0.9028907
341,6,False,0.9028907
341,7,False,0.9028907
341,8,False,0.9028907
346,0,True,-0.43847632
346,1,True,-0.43847632
346,2,True,-0.43847632
346,3,True,-0.43847632
346,4,True,-0.43847632
346,5,True,-0.43847632
346,6,True,-0.43847632
346,7,True,-0.43847632
346,8,True,-0.43847632
356,0,True,0.9977606
356,1,True,0.9977606
356,2,True,0.9977606
356,3,True,0.9977606
356,4,True,0.9977606
356,5,True,0.9977606
356,6,True,0.9977606
356,7,True,0.9977606
356,8,True,0.9977606
383,0,False,0.99870867
383,1,False,0.99870867
383,2,False,0.99870867
383,3,False,0.99870867
383,4,False,0.99870867
383,5,False,0.99870867
383,6,False,0.99870867
383,7,False,0.99870867
383,8,False,0.99870867
407,0,False,0.98287594
407,1,False,0.98287594
407,2,False,0.98287594
407,3,False,0.98287594
407,4,False,0.98287594
407,5,False,0.98287594
407,6,False,0.98287594
407,7,False,0.98287594
407,8,False,0.98287594
415,0,True,-0.68821734
415,1,True,-0.68821734
415,2,True,-0.68821734
415,3,True,-0.68821734
415,4,True,-0.68821734
415,5,True,-0.68821734
415,6,True,-0.6884295
415,7,True,-0.68821734
415,8,True,-0.68821734
422,0,True,0.99884444
422,1,True,0.99884444
422,2,True,0.99884444
422,3,True,0.99884444
422,4,True,0.99884444
422,5,True,0.99884444
422,6,True,0.99884444
422,7,True,0.99884444
422,8,True,0.99884444
466,0,True,0.9987735
466,1,True,0.9987735
466,2,True,0.9987735
466,3,True,0.9987735
466,4,True,0.9987735
466,5,True,0.9987735
466,6,True,0.9987735
466,7,True,0.9987735
466,8,True,0.9987735
468,0,True,0.9987289
468,1,True,0.9987055
468,2,True,0.9987289
468,3,True,0.9987055
468,4,True,0.9987289
468,5,True,0.9987055
468,6,True,0.9987289
468,7,True,0.9987289
468,8,True,0.9987289
483,0,False,0.95992154
483,1,False,0.95992154
483,2,False,0.95992154
483,3,False,0.95992154
483,4,False,0.95992154
483,5,False,0.95992154
483,6,False,0.95992154
483,7,False,0.95992154
483,8,False,0.95992154
487,0,True,-0.57763064
487,1,True,-0.57763064
487,2,True,-0.57763064
487,3,True,-0.7769865
487,4,True,-0.57763064
487,5,True,-0.57763064
487,6,True,-0.57763064
487,7,True,-0.57763064
487,8,True,-0.57763064
198,0,True,0.8693292
198,1,True,0.2531802
198,2,True,0.8923196
198,3,True,0.887548
198,4,True,0.8923196
198,5,True,0.887548
198,6,True,0.8693292
198,7,True,0.28831238
198,8,True,-0.41898257
207,0,False,-0.984754
207,1,True,0.67736346
207,2,False,-0.984754
207,3,False,-0.984754
207,4,False,-0.984754
207,5,True,0.67736346
207,6,True,0.67736346
207,7,True,0.67736346
207,8,True,0.67736346
213,0,True,0.95860386
213,1,True,0.95860386
213,2,True,0.95860386
213,3,True,0.95860386
213,4,True,0.95860386
213,5,True,0.95860386
213,6,True,0.95860386
213,7,True,0.9590261
213,8,True,0.95860386
220,0,False,0.9986082
220,1,False,0.9986082
220,2,False,0.9986082
220,3,False,0.9986082
220,4,False,0.9986082
220,5,False,0.9986082
220,6,False,0.9986082
220,7,False,0.9986082
220,8,False,0.99861544
228,0,False,0.73449516
228,1,True,0.6363087
228,2,False,0.73449516
228,3,True,0.6363087
228,4,True,0.5461263
228,5,False,0.73449516
228,6,True,0.6363087
228,7,False,0.73449516
228,8,True,0.62311965
231,0,True,0.868446
231,1,True,0.868446
231,2,True,0.868446
231,3,True,0.868446
231,4,True,0.868446
231,5,True,0.868446
231,6,True,0.868446
231,7,True,0.868446
231,8,True,0.868446
232,0,True,0.9983245
232,1,True,0.9983245
232,2,True,0.9983245
232,3,True,0.9983245
232,4,True,0.9983245
232,5,True,0.9983245
232,6,True,0.99820036
232,7,True,0.9983245
232,8,True,0.9983245
236,0,True,0.9974492
236,1,True,0.9974492
236,2,True,0.9974492
236,3,True,0.9974492
236,4,True,0.9974492
236,5,True,0.9974492
236,6,True,0.9974492
236,7,True,0.9974492
236,8,True,0.9974492
244,0,True,0.8601988
244,1,True,0.8601988
244,2,False,-0.9959823
244,3,True,0.8985152
244,4,True,0.8985152
244,5,True,0.86019933
244,6,True,0.86019933
244,7,True,0.86019933
244,8,True,0.9764945
268,0,True,0.12653005
268,1,True,0.88130814
268,2,False,0.69501543
268,3,True,0.7815963
268,4,True,0.12653005
268,5,False,0.059215248
268,6,True,0.12653005
268,7,False,0.059215248
268,8,False,0.059215248
17,0,False,-0.92453873
17,1,False,-0.91180825
17,2,False,-0.92453873
17,3,False,-0.9163352
17,4,False,-0.92453873
17,5,False,-0.92453873
17,6,False,-0.91180825
17,7,False,-0.92453873
17,8,False,-0.91180825
26,0,True,-0.98838323
26,1,True,0.1107333
26,2,True,-0.9963393
26,3,True,-0.07427308
26,4,True,-0.995834
26,5,True,-0.995834
26,6,False,-0.97619814
26,7,True,0.1107333
26,8,True,-0.9951579
48,0,False,0.9619585
48,1,False,0.93852955
48,2,False,0.957255
48,3,False,0.93852955
48,4,False,0.93852955
48,5,False,0.93852955
48,6,False,0.957255
48,7,False,0.9619585
48,8,False,0.957255
50,0,False,0.9868645
50,1,False,0.9868645
50,2,False,0.9868645
50,3,False,0.9868645
50,4,False,0.9868645
50,5,False,0.9868645
50,6,False,0.9868645
50,7,False,0.9868645
50,8,False,0.9868645
62,0,False,-0.9989547
62,1,False,-0.9989547
62,2,False,-0.9989547
62,3,True,0.9079775
62,4,True,0.9132994
62,5,True,0.9079775
62,6,False,0.31037843
62,7,True,0.9079775
62,8,True,0.9079775
77,0,True,-0.9971222
77,1,False,-0.99554
77,2,True,-0.9971222
77,3,False,-0.9952351
77,4,True,-0.9971222
77,5,True,-0.99690473
77,6,True,-0.9971222
77,7,True,-0.9971222
77,8,True,-0.9971222
87,0,True,0.964915
87,1,True,0.964915
87,2,True,-0.43883595
87,3,True,0.964915
87,4,True,0.964915
87,5,True,0.964915
87,6,True,0.964915
87,7,True,-0.43883595
87,8,True,-0.43883595
95,0,True,0.7188822
95,1,True,0.7193519
95,2,True,0.7188822
95,3,True,0.71651566
95,4,True,0.7188822
95,5,True,0.7193519
95,6,True,0.7188822
95,7,True,0.6949437
95,8,True,0.7188822
116,0,True,-0.95706487
116,1,True,-0.98272395
116,2,True,-0.9697481
116,3,True,-0.98322195
116,4,True,-0.952825
116,5,True,-0.9911739
116,6,True,-0.7187697
116,7,True,-0.9921122
116,8,True,-0.661939
145,0,False,0.005570948
145,1,False,-0.25089186
145,2,False,-0.25089186
145,3,False,-0.25089186
145,4,False,-0.45651567
145,5,False,-0.10789776
145,6,False,0.005570948
145,7,False,-0.25089186
145,8,False,-0.10789776
152,0,True,-0.14728755
152,1,True,0.33838904
152,2,False,-0.43818584
152,3,True,-0.14728755
152,4,True,0.33838904
152,5,False,-0.036180317
152,6,True,0.11903733
152,7,False,-0.43818584
152,8,True,0.11903304
186,0,True,0.6548635
186,1,True,0.6548635
186,2,True,0.6548635
186,3,True,0.6548635
186,4,True,0.6548635
186,5,True,0.6548635
186,6,True,0.6548635
186,7,True,0.6548635
186,8,True,0.6548635
189,0,True,0.92937547
189,1,True,0.92937547
189,2,True,0.92937547
189,3,True,0.92937547
189,4,True,0.92937547
189,5,True,0.92937547
189,6,True,0.92937547
189,7,True,0.92937547
189,8,True,0.92937547
192,0,False,-0.97959083
192,1,False,-0.97959083
192,2,False,-0.9857882
192,3,False,-0.9857882
192,4,False,-0.97959083
192,5,False,-0.97959083
192,6,False,-0.9857882
192,7,False,-0.97959083
192,8,False,-0.9857882
194,0,False,-0.99867266
194,1,False,-0.99867266
194,2,False,-0.99854344
194,3,False,-0.9986364
194,4,False,-0.99867266
194,5,False,-0.9985719
194,6,False,-0.9986626
194,7,False,-0.99867266
194,8,False,-0.9986626
