db,seed,embedder,seg_P@10,seg_kNN_acc,fut_MAP@10,fut_recall@10,pop_MAP@10,novel_MAP@10,novel_pop_MAP@10,novel_recall@10,n_queries,seconds
synth_shop,0,agg,0.7262,0.8425,0.04829439573396691,0.141780157288411,0.033615952333889115,0.05424096852089943,0.04022399514046639,0.16331535220177631,1151,0.3
synth_shop,0,gnn,0.885,0.9075,0.048699166613583686,0.14056432755390183,0.033615952333889115,0.059183848265718604,0.04022399514046639,0.1612326547552812,1151,2.7
synth_shop,0,openrfm,0.249,0.306,0.0318716482474188,0.09496840282027076,0.033615952333889115,0.0385729585632932,0.04022399514046639,0.11141926076486855,1151,34.9
synth_shop,0,openrfm_random,0.1677,0.169,0.0133805455847107,0.04216148148598192,0.033615952333889115,0.014477465720916518,0.04022399514046639,0.045907243944067366,1151,16.6
synth_shop,0,row,0.16105,0.146,0.022076792771038974,0.06079063083841537,0.033615952333889115,0.02395591412975851,0.04022399514046639,0.06672133077412581,1151,0.5
synth_shop,0,tabpfn_agg,0.8754,0.901,0.048855558248012014,0.1464650105180079,0.033615952333889115,0.05948053702239382,0.04022399514046639,0.17100754662866463,1151,17.3
synth_shop,0,tabpfn_row,0.17515,0.1845,0.02216681932128645,0.06219881093903682,0.033615952333889115,0.02399190275209627,0.04022399514046639,0.06823155278124222,1151,6.6
synth_shop,1,agg,0.7262,0.8425,0.04829439573396691,0.141780157288411,0.033615952333889115,0.05424096852089943,0.04022399514046639,0.16331535220177631,1151,0.3
synth_shop,1,gnn,0.8718,0.8985,0.04601711551338687,0.13776572037866563,0.033615952333889115,0.052921226601324416,0.04022399514046639,0.1604273265431207,1151,1.9
synth_shop,1,openrfm,0.249,0.306,0.0318716482474188,0.09496840282027076,0.033615952333889115,0.0385729585632932,0.04022399514046639,0.11141926076486855,1151,18.7
synth_shop,1,openrfm_random,0.1677,0.169,0.0133805455847107,0.04216148148598192,0.033615952333889115,0.014507042769127104,0.04022399514046639,0.04635089966722619,1151,16.2
synth_shop,1,row,0.16105,0.146,0.022076792771038974,0.06079063083841537,0.033615952333889115,0.02395591412975851,0.04022399514046639,0.06672133077412581,1151,0.6
synth_shop,1,tabpfn_agg,0.21015,0.2565,0.02263269446047879,0.07114484246326123,0.033615952333889115,0.02514981959789075,0.04022399514046639,0.07914059222843606,1151,19.7
synth_shop,1,tabpfn_row,0.16785,0.1685,0.020692889988636956,0.05776880591172512,0.033615952333889115,0.021928379949041628,0.04022399514046639,0.06316716532998698,1151,5.7
synth_shop,2,agg,0.7262,0.8425,0.04829439573396691,0.141780157288411,0.033615952333889115,0.05424096852089943,0.04022399514046639,0.16331535220177631,1151,0.3
synth_shop,2,gnn,0.87565,0.899,0.0465712088242962,0.14322460650653523,0.033615952333889115,0.054677290762504355,0.04022399514046639,0.1698108851613732,1151,2.0
synth_shop,2,openrfm,0.249,0.306,0.0318716482474188,0.09496840282027076,0.033615952333889115,0.0385729585632932,0.04022399514046639,0.11141926076486855,1151,16.5
synth_shop,2,openrfm_random,0.1677,0.169,0.0133805455847107,0.04216148148598192,0.033615952333889115,0.014507042769127104,0.04022399514046639,0.04635089966722619,1151,16.5
synth_shop,2,row,0.16105,0.146,0.022076792771038974,0.06079063083841537,0.033615952333889115,0.02395591412975851,0.04022399514046639,0.06672133077412581,1151,0.5
synth_shop,2,tabpfn_agg,0.3919,0.5445,0.03605006540699106,0.10502763598984277,0.033615952333889115,0.04300477505570568,0.04022399514046639,0.12353222420879918,1151,16.6
synth_shop,2,tabpfn_row,0.16455,0.1605,0.020624916681606514,0.06042879916685302,0.033615952333889115,0.021844275248303006,0.04022399514046639,0.06596180857494079,1151,6.2
synth_shop,0,tabpfn_agg_feat4,0.6909,0.8015,0.04225047044109661,0.122241500173733,0.033615952333889115,0.04888822505406251,0.04022399514046639,0.13996921199671866,1151,59.5
synth_shop,0,tabpfn_agg_kmeans,0.82815,0.8705,0.046896551417490766,0.1382831257939859,0.033615952333889115,0.05793315075709867,0.04022399514046639,0.17139638804456905,1151,16.3
synth_shop,0,tabpfn_agg_rand4,0.86905,0.905,0.05030540883856841,0.13871623718496004,0.033615952333889115,0.05895496637315414,0.04022399514046639,0.1573909108736083,1151,73.2
synth_shop,1,tabpfn_agg_feat4,0.64595,0.7545,0.04167382780734008,0.11466190677745848,0.033615952333889115,0.047197697360846474,0.04022399514046639,0.13268755793156856,1151,67.2
synth_shop,1,tabpfn_agg_kmeans,0.80085,0.862,0.04902718483538474,0.14351179880067802,0.033615952333889115,0.05842962668980965,0.04022399514046639,0.16226518108727514,1151,16.1
synth_shop,1,tabpfn_agg_rand4,0.2225,0.2825,0.027311251687984137,0.08098815944167811,0.033615952333889115,0.030631608447052944,0.04022399514046639,0.08874811351519427,1151,62.3
synth_shop,2,tabpfn_agg_feat4,0.70395,0.804,0.04267024766111999,0.126686850894062,0.033615952333889115,0.049231208430330624,0.04022399514046639,0.14583536841744474,1151,89.3
synth_shop,2,tabpfn_agg_kmeans,0.8416,0.8875,0.049154926161023335,0.13600025324612638,0.033615952333889115,0.05694013098518845,0.04022399514046639,0.16389473683173772,1151,27.0
synth_shop,2,tabpfn_agg_rand4,0.48395,0.6635,0.03485521753187551,0.10192333730561358,0.033615952333889115,0.041072823728393715,0.04022399514046639,0.11875164788873749,1151,103.6
