dataset,metric,tabfm,tabfm_auto_opus5,tabfm_auto_gemini38flash
airfoil_self_noise,rmse,1.0734,0.91650,0.88780
Another-Dataset-on-used-Fiat-500,rmse,703.27,693.49,696.52
concrete_compressive_strength,rmse,3.9666,3.8169,3.8309
diamonds,rmse,496.42,484.52,484.54
Food_Delivery_Time,rmse,7.3328,7.1736,7.1724
healthcare_insurance_expenses,rmse,4417.6,4344.1,4392.3
houses,rmse,0.18155,0.17706,0.17696
miami_housing,rmse,74069.5,71802.2,72037.1
physiochemical_protein,rmse,2.8875,2.7751,2.7838
QSAR-TID-11,rmse,0.73934,0.72710,0.72372
QSAR_fish_toxicity,rmse,0.85345,0.84829,0.85218
superconductivity,rmse,8.9437,8.7946,8.8023
wine_quality,rmse,0.58651,0.58551,0.58622
Amazon_employee_access,1-auroc,0.1416,0.1039,0.1063
APSFailure,1-auroc,0.0056,0.0054,0.0054
bank-marketing,1-auroc,0.2310,0.2314,0.2303
Bank_Customer_Churn,1-auroc,0.1229,0.1228,0.1225
Bioresponse,1-auroc,0.1192,0.1171,0.1168
blood-transfusion-service-center,1-auroc,0.2441,0.2431,0.2398
churn,1-auroc,0.0681,0.0610,0.0491
coil2000_insurance_policies,1-auroc,0.2276,0.2127,0.2225
credit-g,1-auroc,0.1944,0.1940,0.1978
credit_card_clients_default,1-auroc,0.2068,0.2073,0.2073
customer_satisfaction_in_airline,1-auroc,0.0038,0.0038,0.0038
diabetes,1-auroc,0.1580,0.1471,0.1550
Diabetes130US,1-auroc,0.3292,0.3193,0.3207
E-CommereShippingData,1-auroc,0.2592,0.2508,0.2412
Fitness_Club,1-auroc,0.1789,0.1787,0.1785
GiveMeSomeCredit,1-auroc,0.1321,0.1305,0.1303
hazelnut-spread-contaminant-detection,1-auroc,0.0023,0.0021,0.0021
heloc,1-auroc,0.1976,0.1973,0.1971
HR_Analytics_Job_Change_of_Data_Scientists,1-auroc,0.1935,0.1933,0.1940
in_vehicle_coupon_recommendation,1-auroc,0.1513,0.1405,0.1402
Is-this-a-good-customer,1-auroc,0.2466,0.2432,0.2499
jm1,1-auroc,0.2109,0.2114,0.2094
kddcup09_appetency,1-auroc,0.1587,0.1505,0.1515
Marketing_Campaign,1-auroc,0.0732,0.0616,0.0581
NATICUSdroid,1-auroc,0.0112,0.0115,0.0122
online_shoppers_intention,1-auroc,0.0601,0.0602,0.0605
polish_companies_bankruptcy,1-auroc,0.0049,0.0052,0.0054
qsar-biodeg,1-auroc,0.0580,0.0582,0.0413
seismic-bumps,1-auroc,0.2047,0.1987,0.2022
taiwanese_bankruptcy_prediction,1-auroc,0.0494,0.0459,0.0395
anneal,logloss,0.0125,0.0103,0.0114
hiva_agnostic,logloss,0.1787,0.1779,0.1742
maternal_health_risk,logloss,0.3706,0.3648,0.3610
MIC,logloss,0.4282,0.4178,0.4199
SDSS17,logloss,0.0693,0.0564,0.0563
splice,logloss,0.0960,0.0747,0.0757
students_dropout_and_academic_success,logloss,0.5068,0.5111,0.5132
website_phishing,logloss,0.2104,0.2067,0.2024
