dataset,variant,model,metric,value,n_features,seconds,error
ae,base,kumo-tabular-l,r2,0.9556648329371418,7,10.7,
ae,base,tabpfn-2.5,r2,0.9514237537230638,7,3.1,
ae,base,lightgbm,r2,0.9329863251617843,7,0.5,
ae,tfidf,kumo-tabular-l,r2,0.9664021482622218,135,2.8,
ae,tfidf,tabpfn-2.5,r2,0.9689142222944707,135,3.2,
ae,tfidf,lightgbm,r2,0.9631362531647243,135,1.3,
ae,embed,kumo-tabular-l,r2,0.9631078990419759,71,2.3,
ae,embed,tabpfn-2.5,r2,0.9675682802439693,71,1.1,
ae,embed,lightgbm,r2,0.9643935613406289,71,0.6,
ae,gli_agnostic,kumo-tabular-l,r2,0.966338224093744,55,1.9,
ae,gli_agnostic,tabpfn-2.5,r2,0.969891328533765,55,0.8,
ae,gli_agnostic,lightgbm,r2,0.963844533181484,55,0.4,
ae,gli_task,kumo-tabular-l,r2,0.9673300437308325,55,1.8,
ae,gli_task,tabpfn-2.5,r2,0.9697897504707693,55,0.8,
ae,gli_task,lightgbm,r2,0.9660693183377902,55,0.4,
ae,gli_task_embed,kumo-tabular-l,r2,0.9641769098637317,119,2.5,
ae,gli_task_embed,tabpfn-2.5,r2,0.9694376314460319,119,1.8,
ae,gli_task_embed,lightgbm,r2,0.9661970368410386,119,0.9,
book,base,kumo-tabular-l,r2,0.29307881482232356,4,1.1,
book,base,tabpfn-2.5,r2,0.26052467312688943,4,0.4,
book,base,lightgbm,r2,0.24875225618565244,4,0.2,
book,tfidf,kumo-tabular-l,r2,0.5943662501736696,132,2.4,
book,tfidf,tabpfn-2.5,r2,0.5331448484133883,132,2.0,
book,tfidf,lightgbm,r2,0.47605230480087324,132,1.4,
book,embed,kumo-tabular-l,r2,0.596021540518092,68,1.7,
book,embed,tabpfn-2.5,r2,0.5489852847699321,68,1.0,
book,embed,lightgbm,r2,0.511803502034464,68,0.8,
book,gli_agnostic,kumo-tabular-l,r2,0.5480383861825606,52,1.5,
book,gli_agnostic,tabpfn-2.5,r2,0.49234105545558604,52,0.8,
book,gli_agnostic,lightgbm,r2,0.4867792734986023,52,0.6,
book,gli_task,kumo-tabular-l,r2,0.5425035166381287,52,1.6,
book,gli_task,tabpfn-2.5,r2,0.483698312055182,52,0.7,
book,gli_task,lightgbm,r2,0.4660239972408282,52,0.5,
book,gli_task_embed,kumo-tabular-l,r2,0.6017132255748043,116,2.2,
book,gli_task_embed,tabpfn-2.5,r2,0.5617200213075328,116,1.8,
book,gli_task_embed,lightgbm,r2,0.5312879004293978,116,1.2,
house,base,kumo-tabular-l,r2,0.9365794697207653,34,1.3,
house,base,tabpfn-2.5,r2,0.9285234356276328,34,0.6,
house,base,lightgbm,r2,0.9175093166167134,34,0.5,
house,tfidf,kumo-tabular-l,r2,0.9355066751448763,194,3.2,
house,tfidf,tabpfn-2.5,r2,0.9290184971560167,194,8.2,
house,tfidf,lightgbm,r2,0.9156945876519555,194,2.0,
house,embed,kumo-tabular-l,r2,0.936229452862157,114,2.4,
house,embed,tabpfn-2.5,r2,0.928619595670146,114,1.6,
house,embed,lightgbm,r2,0.9156704238083483,114,1.3,
house,gli_agnostic,kumo-tabular-l,r2,0.9365104758740115,94,2.0,
house,gli_agnostic,tabpfn-2.5,r2,0.9274737874357389,94,1.7,
house,gli_agnostic,lightgbm,r2,0.9155322952948406,94,0.9,
house,gli_task,kumo-tabular-l,r2,0.936213669799725,94,2.0,
house,gli_task,tabpfn-2.5,r2,0.9278543267971712,94,1.5,
house,gli_task,lightgbm,r2,0.9175851437805549,94,0.9,
house,gli_task_embed,kumo-tabular-l,r2,0.936297707150774,174,3.1,
house,gli_task_embed,tabpfn-2.5,r2,0.9283962105113357,174,3.7,
house,gli_task_embed,lightgbm,r2,0.9156800386181158,174,1.7,
salary,base,kumo-tabular-l,acc,0.4165,3,1.9,
salary,base,tabpfn-2.5,acc,0.3895,3,0.5,
salary,base,lightgbm,acc,0.369,3,1.7,
salary,tfidf,kumo-tabular-l,acc,0.464,99,2.8,
salary,tfidf,tabpfn-2.5,acc,0.4295,99,2.2,
salary,tfidf,lightgbm,acc,0.37,99,7.9,
salary,embed,kumo-tabular-l,acc,0.454,51,2.1,
salary,embed,tabpfn-2.5,acc,0.428,51,1.0,
salary,embed,lightgbm,acc,0.362,51,4.8,
salary,gli_agnostic,kumo-tabular-l,acc,0.452,39,1.9,
salary,gli_agnostic,tabpfn-2.5,acc,0.4175,39,0.8,
salary,gli_agnostic,lightgbm,acc,0.3715,39,3.4,
salary,gli_task,kumo-tabular-l,acc,0.444,39,2.1,
salary,gli_task,tabpfn-2.5,acc,0.4175,39,0.9,
salary,gli_task,lightgbm,acc,0.3625,39,3.4,
salary,gli_task_embed,kumo-tabular-l,acc,0.4525,87,2.6,
salary,gli_task_embed,tabpfn-2.5,acc,0.4205,87,1.8,
salary,gli_task_embed,lightgbm,acc,0.365,87,6.5,
fake,base,kumo-tabular-l,roc_auc,0.7241079069988589,3,1.3,
fake,base,tabpfn-2.5,roc_auc,0.6982068990110308,3,0.4,
fake,base,lightgbm,roc_auc,0.6107003613541271,3,0.3,
fake,tfidf,kumo-tabular-l,roc_auc,0.9349800304298213,67,2.3,
fake,tfidf,tabpfn-2.5,roc_auc,0.9111294693799925,67,1.3,
fake,tfidf,lightgbm,roc_auc,0.8946842906047927,67,1.0,
fake,embed,kumo-tabular-l,roc_auc,0.9352058767592241,35,1.7,
fake,embed,tabpfn-2.5,roc_auc,0.9152422499049068,35,0.7,
fake,embed,lightgbm,roc_auc,0.8580912419170786,35,0.7,
fake,gli_agnostic,kumo-tabular-l,roc_auc,0.9214173640167364,27,1.9,
fake,gli_agnostic,tabpfn-2.5,roc_auc,0.8620078927348802,27,0.7,
fake,gli_agnostic,lightgbm,roc_auc,0.8677729174591099,27,0.7,
fake,gli_task,kumo-tabular-l,roc_auc,0.9116524819322935,27,2.7,
fake,gli_task,tabpfn-2.5,roc_auc,0.8755943324457969,27,0.7,
fake,gli_task,lightgbm,roc_auc,0.8804203119056676,27,0.7,
fake,gli_task_embed,kumo-tabular-l,roc_auc,0.936168695321415,59,2.7,
fake,gli_task_embed,tabpfn-2.5,roc_auc,0.90853223659186,59,1.2,
fake,gli_task_embed,lightgbm,roc_auc,0.9016558101939902,59,1.3,
qaa,base,kumo-tabular-l,r2,0.03849324192076853,1,1.7,
qaa,base,tabpfn-2.5,r2,0.05093103049090908,1,0.4,
qaa,base,lightgbm,r2,0.07825140804328168,1,0.1,
qaa,tfidf,kumo-tabular-l,r2,0.28474841636227166,97,1.9,
qaa,tfidf,tabpfn-2.5,r2,0.34754923255059456,97,1.5,
qaa,tfidf,lightgbm,r2,0.33167622435670996,97,1.1,
qaa,embed,kumo-tabular-l,r2,0.24268152898694073,49,1.5,
qaa,embed,tabpfn-2.5,r2,0.29275089133008636,49,1.1,
qaa,embed,lightgbm,r2,0.30261161178014895,49,0.6,
qaa,gli_agnostic,kumo-tabular-l,r2,0.10640026345594211,37,1.5,
qaa,gli_agnostic,tabpfn-2.5,r2,0.16080638652638202,37,0.7,
qaa,gli_agnostic,lightgbm,r2,0.18871774022815202,37,0.4,
qaa,gli_task,kumo-tabular-l,r2,0.12548051900885349,37,1.3,
qaa,gli_task,tabpfn-2.5,r2,0.18279936651296036,37,0.5,
qaa,gli_task,lightgbm,r2,0.1999399839391497,37,0.4,
qaa,gli_task_embed,kumo-tabular-l,r2,0.26151882045889396,85,1.8,
qaa,gli_task_embed,tabpfn-2.5,r2,0.3069452433705435,85,1.1,
qaa,gli_task_embed,lightgbm,r2,0.3133809049118539,85,0.9,
qaq,base,kumo-tabular-l,r2,-0.03313293589611077,1,1.2,
qaq,base,tabpfn-2.5,r2,-0.008595878266411061,1,0.3,
qaq,base,lightgbm,r2,0.04384761547026572,1,0.1,
qaq,tfidf,kumo-tabular-l,r2,0.3121012209134153,97,1.9,
qaq,tfidf,tabpfn-2.5,r2,0.3162364947911349,97,1.5,
qaq,tfidf,lightgbm,r2,0.3127876786496029,97,1.0,
qaq,embed,kumo-tabular-l,r2,0.2522420015711144,49,1.5,
qaq,embed,tabpfn-2.5,r2,0.3162620235474084,49,0.9,
qaq,embed,lightgbm,r2,0.2964777244416311,49,0.6,
qaq,gli_agnostic,kumo-tabular-l,r2,0.23344326403158588,37,1.4,
qaq,gli_agnostic,tabpfn-2.5,r2,0.2731125937015144,37,0.7,
qaq,gli_agnostic,lightgbm,r2,0.2710073547306696,37,0.4,
qaq,gli_task,kumo-tabular-l,r2,0.2538364889176794,37,1.3,
qaq,gli_task,tabpfn-2.5,r2,0.24830307782288252,37,0.6,
qaq,gli_task,lightgbm,r2,0.27458867228067774,37,0.4,
qaq,gli_task_embed,kumo-tabular-l,r2,0.2858022667814937,85,1.9,
qaq,gli_task_embed,tabpfn-2.5,r2,0.332227425267573,85,1.5,
qaq,gli_task_embed,lightgbm,r2,0.33029073028577194,85,0.9,
imdb,base,kumo-tabular-l,roc_auc,0.8444600140126113,7,0.7,
imdb,base,tabpfn-2.5,roc_auc,0.8538684816334702,7,0.3,
imdb,base,lightgbm,roc_auc,0.8226403763387048,7,0.2,
imdb,tfidf,kumo-tabular-l,roc_auc,0.8724852367130418,135,1.1,
imdb,tfidf,tabpfn-2.5,roc_auc,0.8580722650385347,135,1.2,
imdb,tfidf,lightgbm,roc_auc,0.8377539785807226,135,1.0,
imdb,embed,kumo-tabular-l,roc_auc,0.8665799219297368,71,0.8,
imdb,embed,tabpfn-2.5,roc_auc,0.8553698328495646,71,0.7,
imdb,embed,lightgbm,roc_auc,0.8438594735261735,71,0.8,
imdb,gli_agnostic,kumo-tabular-l,roc_auc,0.8883995596036433,55,0.8,
imdb,gli_agnostic,tabpfn-2.5,roc_auc,0.8768892002802523,55,0.4,
imdb,gli_agnostic,lightgbm,roc_auc,0.8650785707136424,55,0.4,
imdb,gli_task,kumo-tabular-l,roc_auc,0.8832949654689219,55,0.8,
imdb,gli_task,tabpfn-2.5,roc_auc,0.8647783004704235,55,0.4,
imdb,gli_task,lightgbm,roc_auc,0.8640776699029127,55,0.4,
imdb,gli_task_embed,kumo-tabular-l,roc_auc,0.889200280252227,119,1.1,
imdb,gli_task_embed,tabpfn-2.5,roc_auc,0.8726854168751876,119,0.6,
imdb,gli_task_embed,lightgbm,roc_auc,0.8490641577419678,119,0.8,
jc,base,kumo-tabular-l,r2,0.2357966040290259,3,1.0,
jc,base,tabpfn-2.5,r2,0.03698278283379497,3,0.3,
jc,base,lightgbm,r2,0.2644770207161766,3,0.2,
jc,tfidf,kumo-tabular-l,r2,0.43144778281306406,67,1.7,
jc,tfidf,tabpfn-2.5,r2,0.36447393010715956,67,1.1,
jc,tfidf,lightgbm,r2,0.3674621222643476,67,0.8,
jc,embed,kumo-tabular-l,r2,0.550437357607749,35,1.5,
jc,embed,tabpfn-2.5,r2,0.4125602313728991,35,0.8,
jc,embed,lightgbm,r2,0.36550717847458924,35,0.7,
jc,gli_agnostic,kumo-tabular-l,r2,0.411675348079269,27,1.8,
jc,gli_agnostic,tabpfn-2.5,r2,0.33910451070488334,27,1.3,
jc,gli_agnostic,lightgbm,r2,0.3458763673811712,27,0.6,
jc,gli_task,kumo-tabular-l,r2,0.4136246276224159,27,1.8,
jc,gli_task,tabpfn-2.5,r2,0.29767092473582846,27,0.8,
jc,gli_task,lightgbm,r2,0.32443195651000456,27,0.5,
jc,gli_task_embed,kumo-tabular-l,r2,0.4980315656606821,59,2.2,
jc,gli_task_embed,tabpfn-2.5,r2,0.3920655437227972,59,1.2,
jc,gli_task_embed,lightgbm,r2,0.38312663050273654,59,0.7,
jigsaw,base,kumo-tabular-l,roc_auc,0.49886933333333333,29,1.6,
jigsaw,base,tabpfn-2.5,roc_auc,0.5219690666666666,29,1.0,
jigsaw,base,lightgbm,roc_auc,0.5221717333333333,29,0.3,
jigsaw,tfidf,kumo-tabular-l,roc_auc,0.6415616,61,2.1,
jigsaw,tfidf,tabpfn-2.5,roc_auc,0.6278186666666667,61,1.4,
jigsaw,tfidf,lightgbm,roc_auc,0.6162688000000001,61,1.0,
jigsaw,embed,kumo-tabular-l,roc_auc,0.840768,45,2.1,
jigsaw,embed,tabpfn-2.5,roc_auc,0.8413184,45,1.0,
jigsaw,embed,lightgbm,roc_auc,0.8131114666666667,45,0.7,
jigsaw,gli_agnostic,kumo-tabular-l,roc_auc,0.8424320000000001,41,1.8,
jigsaw,gli_agnostic,tabpfn-2.5,roc_auc,0.7886976,41,0.9,
jigsaw,gli_agnostic,lightgbm,roc_auc,0.8104832000000001,41,0.5,
jigsaw,gli_task,kumo-tabular-l,roc_auc,0.8142378666666669,41,1.8,
jigsaw,gli_task,tabpfn-2.5,roc_auc,0.7584896,41,0.8,
jigsaw,gli_task,lightgbm,roc_auc,0.7768704000000001,41,0.5,
jigsaw,gli_task_embed,kumo-tabular-l,roc_auc,0.8583253333333333,57,2.0,
jigsaw,gli_task_embed,tabpfn-2.5,roc_auc,0.8427093333333334,57,1.2,
jigsaw,gli_task_embed,lightgbm,roc_auc,0.8387413333333332,57,0.9,
kick,base,kumo-tabular-l,roc_auc,0.6699349119066323,6,1.3,
kick,base,tabpfn-2.5,roc_auc,0.6655986982381326,6,0.4,
kick,base,lightgbm,roc_auc,0.6384939961844911,6,0.3,
kick,tfidf,kumo-tabular-l,roc_auc,0.7050544271125575,102,2.7,
kick,tfidf,tabpfn-2.5,roc_auc,0.6952743799798002,102,2.5,
kick,tfidf,lightgbm,roc_auc,0.6696184491078443,102,1.3,
kick,embed,kumo-tabular-l,roc_auc,0.7352036808439008,54,2.0,
kick,embed,tabpfn-2.5,roc_auc,0.7255582987319042,54,1.3,
kick,embed,lightgbm,roc_auc,0.6998103467624285,54,1.2,
kick,gli_agnostic,kumo-tabular-l,roc_auc,0.704973628100101,42,2.4,
kick,gli_agnostic,tabpfn-2.5,roc_auc,0.6850050499382786,42,1.1,
kick,gli_agnostic,lightgbm,roc_auc,0.6668735271013354,42,0.8,
kick,gli_task,kumo-tabular-l,roc_auc,0.7059218942879588,42,2.5,
kick,gli_task,tabpfn-2.5,roc_auc,0.6930782179328918,42,1.1,
kick,gli_task,lightgbm,roc_auc,0.6812400403995063,42,0.8,
kick,gli_task_embed,kumo-tabular-l,roc_auc,0.7409650993154528,90,2.6,
kick,gli_task_embed,tabpfn-2.5,roc_auc,0.7254668387386376,90,1.9,
kick,gli_task_embed,lightgbm,roc_auc,0.7199607227022781,90,1.1,
airbnb,base,kumo-tabular-l,acc,0.4405,76,2.3,
airbnb,base,tabpfn-2.5,acc,0.411,76,1.5,
airbnb,base,lightgbm,acc,0.373,76,6.8,
airbnb,tfidf,kumo-tabular-l,acc,0.437,492,11.7,
airbnb,tfidf,tabpfn-2.5,acc,0.3505,492,8.7,
airbnb,tfidf,lightgbm,acc,0.382,492,62.6,
airbnb,embed,kumo-tabular-l,acc,0.441,284,6.1,
airbnb,embed,tabpfn-2.5,acc,0.4195,284,5.9,
airbnb,embed,lightgbm,acc,0.3735,284,29.4,
airbnb,gli_agnostic,kumo-tabular-l,acc,0.451,232,4.7,
airbnb,gli_agnostic,tabpfn-2.5,acc,0.4215,232,5.0,
airbnb,gli_agnostic,lightgbm,acc,0.387,232,18.8,
airbnb,gli_task,kumo-tabular-l,acc,0.4545,232,4.7,
airbnb,gli_task,tabpfn-2.5,acc,0.411,232,5.4,
airbnb,gli_task,lightgbm,acc,0.3875,232,18.9,
airbnb,gli_task_embed,kumo-tabular-l,acc,0.437,440,8.4,
airbnb,gli_task_embed,tabpfn-2.5,acc,0.359,440,10.4,
airbnb,gli_task_embed,lightgbm,acc,0.384,440,41.4,
mercari,base,kumo-tabular-l,r2,0.3272768142909961,6,1.6,
mercari,base,tabpfn-2.5,r2,0.26675751791413493,6,0.9,
mercari,base,lightgbm,r2,0.2547133333844347,6,0.3,
mercari,tfidf,kumo-tabular-l,r2,0.3927561872684304,102,2.1,
mercari,tfidf,tabpfn-2.5,r2,0.32716980956413966,102,1.6,
mercari,tfidf,lightgbm,r2,0.2924682810615927,102,1.1,
mercari,embed,kumo-tabular-l,r2,0.42715204371030846,54,1.5,
mercari,embed,tabpfn-2.5,r2,0.35477375896810004,54,0.8,
mercari,embed,lightgbm,r2,0.30750011763161156,54,0.8,
mercari,gli_agnostic,kumo-tabular-l,r2,0.3746520364440886,42,1.6,
mercari,gli_agnostic,tabpfn-2.5,r2,0.31585300858947907,42,0.6,
mercari,gli_agnostic,lightgbm,r2,0.27010637470000387,42,0.5,
mercari,gli_task,kumo-tabular-l,r2,0.3796951487850214,42,1.4,
mercari,gli_task,tabpfn-2.5,r2,0.3254715548401451,42,0.7,
mercari,gli_task,lightgbm,r2,0.30251943125540026,42,0.5,
mercari,gli_task_embed,kumo-tabular-l,r2,0.4406804132410683,90,2.0,
mercari,gli_task_embed,tabpfn-2.5,r2,0.36235508716921605,90,1.4,
mercari,gli_task_embed,lightgbm,r2,0.33760724267404085,90,0.9,
channel,base,kumo-tabular-l,acc,0.535,16,1.5,
channel,base,tabpfn-2.5,acc,0.521,16,0.5,
channel,base,lightgbm,acc,0.482,16,2.3,
channel,tfidf,kumo-tabular-l,acc,0.537,48,1.9,
channel,tfidf,tabpfn-2.5,acc,0.533,48,1.0,
channel,tfidf,lightgbm,acc,0.4895,48,4.4,
channel,embed,kumo-tabular-l,acc,0.544,32,1.6,
channel,embed,tabpfn-2.5,acc,0.533,32,1.1,
channel,embed,lightgbm,acc,0.486,32,3.5,
channel,gli_agnostic,kumo-tabular-l,acc,0.5405,28,1.6,
channel,gli_agnostic,tabpfn-2.5,acc,0.53,28,0.6,
channel,gli_agnostic,lightgbm,acc,0.4855,28,2.9,
channel,gli_task,kumo-tabular-l,acc,0.541,28,1.6,
channel,gli_task,tabpfn-2.5,acc,0.5295,28,2.1,
channel,gli_task,lightgbm,acc,0.5015,28,2.8,
channel,gli_task_embed,kumo-tabular-l,acc,0.5505,44,1.8,
channel,gli_task_embed,tabpfn-2.5,acc,0.5345,44,1.0,
channel,gli_task_embed,lightgbm,acc,0.4935,44,4.1,
pop,base,kumo-tabular-l,r2,-0.030951798701144506,3,1.0,
pop,base,tabpfn-2.5,r2,0.006153694670163801,3,0.4,
pop,base,lightgbm,r2,-0.10323852176926995,3,0.2,
pop,tfidf,kumo-tabular-l,r2,-0.03266431655526025,35,1.5,
pop,tfidf,tabpfn-2.5,r2,0.0017707727456249822,35,0.8,
pop,tfidf,lightgbm,r2,-0.0779371682560206,35,0.5,
pop,embed,kumo-tabular-l,r2,-0.03462246635134281,19,1.2,
pop,embed,tabpfn-2.5,r2,0.003449328052041678,19,0.6,
pop,embed,lightgbm,r2,-0.05845585265747255,19,0.3,
pop,gli_agnostic,kumo-tabular-l,r2,-0.030225398513528567,15,1.1,
pop,gli_agnostic,tabpfn-2.5,r2,0.0022533015391866806,15,0.4,
pop,gli_agnostic,lightgbm,r2,-0.08709022206978134,15,0.3,
pop,gli_task,kumo-tabular-l,r2,-0.0282215872689231,15,1.1,
pop,gli_task,tabpfn-2.5,r2,0.0028167795992264377,15,0.4,
pop,gli_task,lightgbm,r2,-0.07102711468317646,15,0.3,
pop,gli_task_embed,kumo-tabular-l,r2,-0.030305312631608405,31,1.3,
pop,gli_task_embed,tabpfn-2.5,r2,0.0017506418027736226,31,0.5,
pop,gli_task_embed,lightgbm,r2,-0.05508341990561605,31,0.4,
prod,base,kumo-tabular-l,acc,0.8908091123330715,1,1.3,
prod,base,tabpfn-2.5,acc,0.8908091123330715,1,0.3,
prod,base,lightgbm,acc,0.8908091123330715,1,0.3,
prod,tfidf,kumo-tabular-l,acc,0.8923802042419482,33,1.5,
prod,tfidf,tabpfn-2.5,acc,0.8884524744697565,33,0.7,
prod,tfidf,lightgbm,acc,0.8876669285153181,33,2.5,
prod,embed,kumo-tabular-l,acc,0.9025923016496465,17,1.3,
prod,embed,tabpfn-2.5,acc,0.8994501178318932,17,0.5,
prod,embed,lightgbm,acc,0.9018067556952082,17,1.7,
prod,gli_agnostic,kumo-tabular-l,acc,0.9025923016496465,13,1.3,
prod,gli_agnostic,tabpfn-2.5,acc,0.9002356637863315,13,0.5,
prod,gli_agnostic,lightgbm,acc,0.8963079340141398,13,1.4,
prod,gli_task,kumo-tabular-l,acc,0.9088766692851532,13,1.2,
prod,gli_task,tabpfn-2.5,acc,0.8994501178318932,13,0.6,
prod,gli_task,lightgbm,acc,0.8994501178318932,13,1.4,
prod,gli_task_embed,kumo-tabular-l,acc,0.9135899450117831,29,1.4,
prod,gli_task_embed,tabpfn-2.5,acc,0.9033778476040848,29,0.8,
prod,gli_task_embed,lightgbm,acc,0.9057344854673999,29,2.1,
wine,base,kumo-tabular-l,acc,0.4565,4,7.3,
wine,base,tabpfn-2.5,acc,,4,1.8,TabPFNValidationError: Number of classes `30` exceeds the maximum number of classes `10` officially supported by TabPFN.
wine,base,lightgbm,acc,0.3705,4,9.1,
wine,tfidf,kumo-tabular-l,acc,0.674,36,10.1,
wine,tfidf,tabpfn-2.5,acc,,36,0.2,TabPFNValidationError: Number of classes `30` exceeds the maximum number of classes `10` officially supported by TabPFN.
wine,tfidf,lightgbm,acc,0.59,36,13.6,
wine,embed,kumo-tabular-l,acc,0.6615,20,8.2,
wine,embed,tabpfn-2.5,acc,,20,0.3,TabPFNValidationError: Number of classes `30` exceeds the maximum number of classes `10` officially supported by TabPFN.
wine,embed,lightgbm,acc,0.587,20,10.5,
wine,gli_agnostic,kumo-tabular-l,acc,0.5965,16,7.7,
wine,gli_agnostic,tabpfn-2.5,acc,,16,0.3,TabPFNValidationError: Number of classes `30` exceeds the maximum number of classes `10` officially supported by TabPFN.
wine,gli_agnostic,lightgbm,acc,0.531,16,9.3,
wine,gli_task,kumo-tabular-l,acc,0.562,16,7.7,
wine,gli_task,tabpfn-2.5,acc,,16,0.2,TabPFNValidationError: Number of classes `30` exceeds the maximum number of classes `10` officially supported by TabPFN.
wine,gli_task,lightgbm,acc,0.5055,16,9.5,
wine,gli_task_embed,kumo-tabular-l,acc,0.6835,32,9.6,
wine,gli_task_embed,tabpfn-2.5,acc,,32,0.4,TabPFNValidationError: Number of classes `30` exceeds the maximum number of classes `10` officially supported by TabPFN.
wine,gli_task_embed,lightgbm,acc,0.593,32,12.1,
cloth,base,kumo-tabular-l,r2,-0.506302138798822,4,1.3,
cloth,base,tabpfn-2.5,r2,-0.010616990225416734,4,0.5,
cloth,base,lightgbm,r2,-0.10017118393769509,4,0.2,
cloth,tfidf,kumo-tabular-l,r2,0.4712280890056729,68,1.7,
cloth,tfidf,tabpfn-2.5,r2,0.4798648660399035,68,1.0,
cloth,tfidf,lightgbm,r2,0.4658073682861086,68,0.8,
cloth,embed,kumo-tabular-l,r2,0.6862170950421278,36,1.4,
cloth,embed,tabpfn-2.5,r2,0.7094618419795086,36,1.0,
cloth,embed,lightgbm,r2,0.6993949234149771,36,0.5,
cloth,gli_agnostic,kumo-tabular-l,r2,0.664250725135229,28,1.3,
cloth,gli_agnostic,tabpfn-2.5,r2,0.679498286863153,28,0.7,
cloth,gli_agnostic,lightgbm,r2,0.6782128914760563,28,0.4,
cloth,gli_task,kumo-tabular-l,r2,0.6695445345854094,28,1.3,
cloth,gli_task,tabpfn-2.5,r2,0.682549664007981,28,0.6,
cloth,gli_task,lightgbm,r2,0.6823612298478205,28,0.4,
cloth,gli_task_embed,kumo-tabular-l,r2,0.6985995942610843,60,1.9,
cloth,gli_task_embed,tabpfn-2.5,r2,0.7111657253283332,60,0.9,
cloth,gli_task_embed,lightgbm,r2,0.7048514718405443,60,0.7,
