dataset,tid,repeat,fold,task,method,pipeline,metric,error,status,err_msg,seconds
MIC,363711,0,0,MIC/r0f0,tabicl+P0,P0,logloss,0.4628708401608326,ok,,0.78
MIC,363711,0,0,MIC/r0f0,tabicl+P*,P*,logloss,0.4531832140804555,ok,,1.67
MIC,363711,0,1,MIC/r0f1,tabicl+P0,P0,logloss,0.40603936234776544,ok,,0.78
MIC,363711,0,1,MIC/r0f1,tabicl+P*,P*,logloss,0.4079094616827471,ok,,1.64
MIC,363711,0,2,MIC/r0f2,tabicl+P0,P0,logloss,0.4556138067438266,ok,,0.99
MIC,363711,0,2,MIC/r0f2,tabicl+P*,P*,logloss,0.4578294227792145,ok,,1.62
MIC,363711,1,0,MIC/r1f0,tabicl+P0,P0,logloss,0.4424619266103152,ok,,0.75
MIC,363711,1,0,MIC/r1f0,tabicl+P*,P*,logloss,0.440050401359439,ok,,1.63
MIC,363711,1,1,MIC/r1f1,tabicl+P0,P0,logloss,0.4372613621014788,ok,,0.75
MIC,363711,1,1,MIC/r1f1,tabicl+P*,P*,logloss,0.4274777347586297,ok,,1.66
MIC,363711,1,2,MIC/r1f2,tabicl+P0,P0,logloss,0.4241160672734466,ok,,0.76
MIC,363711,1,2,MIC/r1f2,tabicl+P*,P*,logloss,0.4217126443620716,ok,,1.63
MIC,363711,2,0,MIC/r2f0,tabicl+P0,P0,logloss,0.443887752086481,ok,,0.98
MIC,363711,2,0,MIC/r2f0,tabicl+P*,P*,logloss,0.438231119099211,ok,,1.62
MIC,363711,2,1,MIC/r2f1,tabicl+P0,P0,logloss,0.39373798961696516,ok,,0.77
MIC,363711,2,1,MIC/r2f1,tabicl+P*,P*,logloss,0.3943089218241612,ok,,1.59
MIC,363711,2,2,MIC/r2f2,tabicl+P0,P0,logloss,0.4761640666685213,ok,,0.76
MIC,363711,2,2,MIC/r2f2,tabicl+P*,P*,logloss,0.47969972222127805,ok,,1.62
MIC,363711,3,0,MIC/r3f0,tabicl+P0,P0,logloss,0.4425833773039738,ok,,0.77
MIC,363711,3,0,MIC/r3f0,tabicl+P*,P*,logloss,0.4315219845280549,ok,,1.78
MIC,363711,3,1,MIC/r3f1,tabicl+P0,P0,logloss,0.4407025561409767,ok,,0.8
MIC,363711,3,1,MIC/r3f1,tabicl+P*,P*,logloss,0.4285748623827525,ok,,1.64
MIC,363711,3,2,MIC/r3f2,tabicl+P0,P0,logloss,0.4305975546673775,ok,,0.77
MIC,363711,3,2,MIC/r3f2,tabicl+P*,P*,logloss,0.4350241762425137,ok,,1.59
MIC,363711,4,0,MIC/r4f0,tabicl+P0,P0,logloss,0.45920012460359494,ok,,0.76
MIC,363711,4,0,MIC/r4f0,tabicl+P*,P*,logloss,0.4371738536158431,ok,,1.57
MIC,363711,4,1,MIC/r4f1,tabicl+P0,P0,logloss,0.418940706818092,ok,,0.76
MIC,363711,4,1,MIC/r4f1,tabicl+P*,P*,logloss,0.4230216431959365,ok,,1.79
MIC,363711,4,2,MIC/r4f2,tabicl+P0,P0,logloss,0.430535880804112,ok,,0.78
MIC,363711,4,2,MIC/r4f2,tabicl+P*,P*,logloss,0.43345652915972926,ok,,1.61
MIC,363711,5,0,MIC/r5f0,tabicl+P0,P0,logloss,0.450286978714995,ok,,0.77
MIC,363711,5,0,MIC/r5f0,tabicl+P*,P*,logloss,0.4403571427707555,ok,,1.6
MIC,363711,5,1,MIC/r5f1,tabicl+P0,P0,logloss,0.4536360461520568,ok,,0.88
MIC,363711,5,1,MIC/r5f1,tabicl+P*,P*,logloss,0.4408682271109496,ok,,1.58
MIC,363711,5,2,MIC/r5f2,tabicl+P0,P0,logloss,0.44030308235574056,ok,,0.95
MIC,363711,5,2,MIC/r5f2,tabicl+P*,P*,logloss,0.4271997890591385,ok,,1.61
MIC,363711,6,0,MIC/r6f0,tabicl+P0,P0,logloss,0.44407907106052696,ok,,0.77
MIC,363711,6,0,MIC/r6f0,tabicl+P*,P*,logloss,0.43660037541547647,ok,,1.6
MIC,363711,6,1,MIC/r6f1,tabicl+P0,P0,logloss,0.5175437422088996,ok,,0.76
MIC,363711,6,1,MIC/r6f1,tabicl+P*,P*,logloss,0.5081670781015915,ok,,1.61
MIC,363711,6,2,MIC/r6f2,tabicl+P0,P0,logloss,0.42553190673229396,ok,,0.76
MIC,363711,6,2,MIC/r6f2,tabicl+P*,P*,logloss,0.43313165155289357,ok,,1.58
MIC,363711,7,0,MIC/r7f0,tabicl+P0,P0,logloss,0.48847060886679616,ok,,0.91
MIC,363711,7,0,MIC/r7f0,tabicl+P*,P*,logloss,0.47143217239521057,ok,,1.61
MIC,363711,7,1,MIC/r7f1,tabicl+P0,P0,logloss,0.41611626067104074,ok,,0.84
MIC,363711,7,1,MIC/r7f1,tabicl+P*,P*,logloss,0.4114292449325708,ok,,1.59
MIC,363711,7,2,MIC/r7f2,tabicl+P0,P0,logloss,0.43617598564764737,ok,,0.77
MIC,363711,7,2,MIC/r7f2,tabicl+P*,P*,logloss,0.43086151738908834,ok,,1.63
MIC,363711,8,0,MIC/r8f0,tabicl+P0,P0,logloss,0.47021025478879364,ok,,0.76
MIC,363711,8,0,MIC/r8f0,tabicl+P*,P*,logloss,0.4639980978696322,ok,,1.83
MIC,363711,8,1,MIC/r8f1,tabicl+P0,P0,logloss,0.4548470137709727,ok,,0.78
MIC,363711,8,1,MIC/r8f1,tabicl+P*,P*,logloss,0.45726454869467126,ok,,1.61
MIC,363711,8,2,MIC/r8f2,tabicl+P0,P0,logloss,0.4357558810124868,ok,,0.77
MIC,363711,8,2,MIC/r8f2,tabicl+P*,P*,logloss,0.4298346744318515,ok,,1.6
MIC,363711,9,0,MIC/r9f0,tabicl+P0,P0,logloss,0.448242129998545,ok,,0.76
MIC,363711,9,0,MIC/r9f0,tabicl+P*,P*,logloss,0.44481290115682104,ok,,1.63
MIC,363711,9,1,MIC/r9f1,tabicl+P0,P0,logloss,0.458199585153354,ok,,0.76
MIC,363711,9,1,MIC/r9f1,tabicl+P*,P*,logloss,0.4434394365682512,ok,,1.79
MIC,363711,9,2,MIC/r9f2,tabicl+P0,P0,logloss,0.43061796822696224,ok,,0.78
MIC,363711,9,2,MIC/r9f2,tabicl+P*,P*,logloss,0.4263056258668325,ok,,1.6
