dataset,repeat,fold,rule,pick,error
anneal,0,0,p0,eval_001.py,0.017663935826182663
anneal,0,0,best,eval_005.py,0.016876296097871665
anneal,0,0,gated1,eval_001.py,0.017663935826182663
anneal,0,0,gated2,eval_001.py,0.017663935826182663
anneal,0,0,ens3,eval_005.py+eval_001.py+eval_013.py,0.017416386020030282
anneal,0,1,p0,eval_001.py,0.0020836224552886334
anneal,0,1,best,eval_005.py,0.002472407878282389
anneal,0,1,gated1,eval_001.py,0.0020836224552886334
anneal,0,1,gated2,eval_001.py,0.0020836224552886334
anneal,0,1,ens3,eval_005.py+eval_001.py+eval_013.py,0.002168072229303763
anneal,0,2,p0,eval_001.py,0.0033876372306075563
anneal,0,2,best,eval_005.py,0.004361045405158219
anneal,0,2,gated1,eval_001.py,0.0033876372306075563
anneal,0,2,gated2,eval_001.py,0.0033876372306075563
anneal,0,2,ens3,eval_005.py+eval_001.py+eval_013.py,0.004432608884780814
anneal,1,0,p0,eval_001.py,0.01975219214715916
anneal,1,0,best,eval_005.py,0.0184126275309382
anneal,1,0,gated1,eval_001.py,0.01975219214715916
anneal,1,0,gated2,eval_001.py,0.01975219214715916
anneal,1,0,ens3,eval_005.py+eval_001.py+eval_013.py,0.018485076345487107
anneal,1,1,p0,eval_001.py,0.001887825768628922
anneal,1,1,best,eval_005.py,0.002122969596433767
anneal,1,1,gated1,eval_001.py,0.001887825768628922
anneal,1,1,gated2,eval_001.py,0.001887825768628922
anneal,1,1,ens3,eval_005.py+eval_001.py+eval_013.py,0.0021351039725908956
anneal,1,2,p0,eval_001.py,0.020978938868622208
anneal,1,2,best,eval_005.py,0.018418888951991192
anneal,1,2,gated1,eval_001.py,0.020978938868622208
anneal,1,2,gated2,eval_001.py,0.020978938868622208
anneal,1,2,ens3,eval_005.py+eval_001.py+eval_013.py,0.01898421171544849
anneal,2,0,p0,eval_001.py,0.009225502363077313
anneal,2,0,best,eval_005.py,0.010636504190648129
anneal,2,0,gated1,eval_001.py,0.009225502363077313
anneal,2,0,gated2,eval_001.py,0.009225502363077313
anneal,2,0,ens3,eval_005.py+eval_001.py+eval_013.py,0.010441125817652837
anneal,2,1,p0,eval_001.py,0.0032186081237421367
anneal,2,1,best,eval_005.py,0.003684964117028459
anneal,2,1,gated1,eval_001.py,0.0032186081237421367
anneal,2,1,gated2,eval_001.py,0.0032186081237421367
anneal,2,1,ens3,eval_005.py+eval_001.py+eval_013.py,0.003525972360897798
anneal,2,2,p0,eval_001.py,0.01567308365543181
anneal,2,2,best,eval_005.py,0.014843275795634853
anneal,2,2,gated1,eval_001.py,0.01567308365543181
anneal,2,2,gated2,eval_001.py,0.01567308365543181
anneal,2,2,ens3,eval_005.py+eval_001.py+eval_013.py,0.014680202882724704
anneal,3,0,p0,eval_001.py,0.021354267053615462
anneal,3,0,best,eval_005.py,0.020902708387207383
anneal,3,0,gated1,eval_001.py,0.021354267053615462
anneal,3,0,gated2,eval_001.py,0.021354267053615462
anneal,3,0,ens3,eval_005.py+eval_001.py+eval_013.py,0.02041888959261435
anneal,3,1,p0,eval_001.py,0.0019025275734802138
anneal,3,1,best,eval_005.py,0.0017767991707453624
anneal,3,1,gated1,eval_001.py,0.0019025275734802138
anneal,3,1,gated2,eval_001.py,0.0019025275734802138
anneal,3,1,ens3,eval_005.py+eval_001.py+eval_013.py,0.0018383742986496261
anneal,3,2,p0,eval_001.py,0.0051639438252835115
anneal,3,2,best,eval_005.py,0.006750669489128763
anneal,3,2,gated1,eval_001.py,0.0051639438252835115
anneal,3,2,gated2,eval_001.py,0.0051639438252835115
anneal,3,2,ens3,eval_005.py+eval_001.py+eval_013.py,0.006291517071546455
anneal,4,0,p0,eval_001.py,0.015575796784142594
anneal,4,0,best,eval_005.py,0.015980904327370458
anneal,4,0,gated1,eval_001.py,0.015575796784142594
anneal,4,0,gated2,eval_001.py,0.015575796784142594
anneal,4,0,ens3,eval_005.py+eval_001.py+eval_013.py,0.015367416502156173
anneal,4,1,p0,eval_001.py,0.005300362154910952
anneal,4,1,best,eval_005.py,0.005392419805489791
anneal,4,1,gated1,eval_001.py,0.005300362154910952
anneal,4,1,gated2,eval_001.py,0.005300362154910952
anneal,4,1,ens3,eval_005.py+eval_001.py+eval_013.py,0.005424885726436592
anneal,4,2,p0,eval_001.py,0.022087140669497823
anneal,4,2,best,eval_005.py,0.024138864922524803
anneal,4,2,gated1,eval_001.py,0.022087140669497823
anneal,4,2,gated2,eval_001.py,0.022087140669497823
anneal,4,2,ens3,eval_005.py+eval_001.py+eval_013.py,0.023177017544708033
anneal,5,0,p0,eval_001.py,0.015321147314398773
anneal,5,0,best,eval_005.py,0.014295758015462902
anneal,5,0,gated1,eval_001.py,0.015321147314398773
anneal,5,0,gated2,eval_001.py,0.015321147314398773
anneal,5,0,ens3,eval_005.py+eval_001.py+eval_013.py,0.014533115147859483
anneal,5,1,p0,eval_001.py,0.004037651808165674
anneal,5,1,best,eval_005.py,0.004422331122055917
anneal,5,1,gated1,eval_001.py,0.004037651808165674
anneal,5,1,gated2,eval_001.py,0.004037651808165674
anneal,5,1,ens3,eval_005.py+eval_001.py+eval_013.py,0.004136395354377704
anneal,5,2,p0,eval_001.py,0.005978878384230046
anneal,5,2,best,eval_005.py,0.006745368177242583
anneal,5,2,gated1,eval_001.py,0.005978878384230046
anneal,5,2,gated2,eval_001.py,0.005978878384230046
anneal,5,2,ens3,eval_005.py+eval_001.py+eval_013.py,0.006450261678769266
anneal,6,0,p0,eval_001.py,0.0031149608532204083
anneal,6,0,best,eval_005.py,0.004191141179600234
anneal,6,0,gated1,eval_001.py,0.0031149608532204083
anneal,6,0,gated2,eval_001.py,0.0031149608532204083
anneal,6,0,ens3,eval_005.py+eval_001.py+eval_013.py,0.00377864964440436
anneal,6,1,p0,eval_001.py,0.020384682256686482
anneal,6,1,best,eval_005.py,0.021559588541383554
anneal,6,1,gated1,eval_001.py,0.020384682256686482
anneal,6,1,gated2,eval_001.py,0.020384682256686482
anneal,6,1,ens3,eval_005.py+eval_001.py+eval_013.py,0.020245369543719798
anneal,6,2,p0,eval_001.py,0.002068199775917621
anneal,6,2,best,eval_005.py,0.0030345288776868124
anneal,6,2,gated1,eval_001.py,0.002068199775917621
anneal,6,2,gated2,eval_001.py,0.002068199775917621
anneal,6,2,ens3,eval_005.py+eval_001.py+eval_013.py,0.002867941921562879
anneal,7,0,p0,eval_001.py,0.02593220061151228
anneal,7,0,best,eval_005.py,0.022356048182740677
anneal,7,0,gated1,eval_001.py,0.02593220061151228
anneal,7,0,gated2,eval_001.py,0.02593220061151228
anneal,7,0,ens3,eval_005.py+eval_001.py+eval_013.py,0.02352161511445355
anneal,7,1,p0,eval_001.py,0.05774360266901984
anneal,7,1,best,eval_005.py,0.06279799253968266
anneal,7,1,gated1,eval_001.py,0.05774360266901984
anneal,7,1,gated2,eval_001.py,0.05774360266901984
anneal,7,1,ens3,eval_005.py+eval_001.py+eval_013.py,0.057124540498749654
anneal,7,2,p0,eval_001.py,0.006872504979185906
anneal,7,2,best,eval_005.py,0.00619391275439919
anneal,7,2,gated1,eval_001.py,0.006872504979185906
anneal,7,2,gated2,eval_001.py,0.006872504979185906
anneal,7,2,ens3,eval_005.py+eval_001.py+eval_013.py,0.0064537917884928955
anneal,8,0,p0,eval_001.py,0.014181783672872246
anneal,8,0,best,eval_005.py,0.013947759026586471
anneal,8,0,gated1,eval_001.py,0.014181783672872246
anneal,8,0,gated2,eval_001.py,0.014181783672872246
anneal,8,0,ens3,eval_005.py+eval_001.py+eval_013.py,0.013969013416125282
anneal,8,1,p0,eval_001.py,0.00489438078185969
anneal,8,1,best,eval_005.py,0.005679275091282886
anneal,8,1,gated1,eval_001.py,0.00489438078185969
anneal,8,1,gated2,eval_001.py,0.00489438078185969
anneal,8,1,ens3,eval_005.py+eval_001.py+eval_013.py,0.005355683960461315
anneal,8,2,p0,eval_001.py,0.005045229899446447
anneal,8,2,best,eval_005.py,0.0066959084154193955
anneal,8,2,gated1,eval_001.py,0.005045229899446447
anneal,8,2,gated2,eval_001.py,0.005045229899446447
anneal,8,2,ens3,eval_005.py+eval_001.py+eval_013.py,0.006011508812844806
anneal,9,0,p0,eval_001.py,0.002644461884413434
anneal,9,0,best,eval_005.py,0.0032006865384203607
anneal,9,0,gated1,eval_001.py,0.002644461884413434
anneal,9,0,gated2,eval_001.py,0.002644461884413434
anneal,9,0,ens3,eval_005.py+eval_001.py+eval_013.py,0.002984401891148896
anneal,9,1,p0,eval_001.py,0.002822464498775802
anneal,9,1,best,eval_005.py,0.0034880749111529125
anneal,9,1,gated1,eval_001.py,0.002822464498775802
anneal,9,1,gated2,eval_001.py,0.002822464498775802
anneal,9,1,ens3,eval_005.py+eval_001.py+eval_013.py,0.0032601755709800112
anneal,9,2,p0,eval_001.py,0.02396230702647172
anneal,9,2,best,eval_005.py,0.023415391222357584
anneal,9,2,gated1,eval_001.py,0.02396230702647172
anneal,9,2,gated2,eval_001.py,0.02396230702647172
anneal,9,2,ens3,eval_005.py+eval_001.py+eval_013.py,0.023167246281439385
