qid,cand,sig_gliclass,tax_uses_a_wrong_column,tax_misses_a_filter_condition,tax_joins_the_wrong_tables,tax_wrong_aggregation,tax_returns_extra_columns,tax_wrong_ordering_or_limit,tax_the_result_is_empty,tax_the_query_is_correct,sig_nli
1471,0,0.8456583,0.0006641694,0.00026154192,6.0341892e-05,0.00016647235,0.00014522087,0.00052638445,0.007943524,0.99959594,0.37856337
1471,1,0.8866005,0.0006433793,0.00026888167,6.0070157e-05,0.00017171884,0.00015283973,0.00053933286,0.008837985,0.9995933,0.39366007
1471,2,0.8456583,0.0006641694,0.00026154192,6.0341892e-05,0.00016647235,0.00014522087,0.00052638445,0.007943524,0.99959594,0.37856337
1471,3,0.8456583,0.0006641694,0.00026154192,6.0341892e-05,0.00016647235,0.00014522087,0.00052638445,0.007943524,0.99959594,0.37856337
1471,4,0.8456583,0.0006641694,0.00026154192,6.0341892e-05,0.00016647235,0.00014522087,0.00052638445,0.007943524,0.99959594,0.37856337
1471,5,0.8866005,0.0006433793,0.00026888167,6.0070157e-05,0.00017171884,0.00015283973,0.00053933286,0.008837985,0.9995933,0.39366007
1471,6,0.8866005,0.0006433793,0.00026888167,6.0070157e-05,0.00017171884,0.00015283973,0.00053933286,0.008837985,0.9995933,0.39366007
1471,7,0.8456583,0.0006641694,0.00026154192,6.0341892e-05,0.00016647235,0.00014522087,0.00052638445,0.007943524,0.99959594,0.37856337
1471,8,0.8456574,0.0006641694,0.00026154192,6.0341892e-05,0.00016647235,0.00014522087,0.00052638445,0.007943524,0.99959594,0.37856337
1472,0,0.5549748,0.00042163377,5.9486818e-05,4.7555906e-05,0.00010219056,0.00015636104,0.0004788171,0.31548157,0.9993507,0.3803405
1472,1,0.5549748,0.00042163377,5.9486818e-05,4.7555906e-05,0.00010219056,0.00015636104,0.0004788171,0.31548157,0.9993507,0.38037145
1472,2,0.5549748,0.00042163377,5.9486818e-05,4.7555906e-05,0.00010219056,0.00015636104,0.0004788171,0.31548157,0.9993507,0.38057813
1472,3,0.5549748,0.00042163377,5.9486818e-05,4.7555906e-05,0.00010219056,0.00015636104,0.0004788171,0.31548157,0.9993507,0.38057813
1472,4,0.5549748,0.00042163377,5.9486818e-05,4.7555906e-05,0.00010219056,0.00015636104,0.0004788171,0.31548157,0.9993507,0.38057813
1472,5,0.5549748,0.00042163377,5.9486818e-05,4.7555906e-05,0.00010219056,0.00015636104,0.0004788171,0.31548157,0.9993507,0.38057813
1472,6,0.5549748,0.00042163377,5.9486818e-05,4.7555906e-05,0.00010219056,0.00015636104,0.0004788171,0.31548157,0.9993507,0.38057813
1472,7,0.5549748,0.00042163377,5.9486818e-05,4.7555906e-05,0.00010219056,0.00015636104,0.0004788171,0.31548157,0.9993507,0.38035396
1472,8,0.5549748,0.00042163377,5.9486818e-05,4.7555906e-05,0.00010219056,0.00015636104,0.0004788171,0.31548157,0.9993507,0.38035396
1473,0,0.8491996,0.00032754402,6.018145e-05,3.4086133e-05,7.361521e-05,0.00019466014,0.00030917788,0.0019452326,0.9996331,0.36215866
1473,1,0.8491996,0.00032754402,6.018145e-05,3.4086133e-05,7.361521e-05,0.00019466014,0.00030917788,0.0019452326,0.9996331,0.36215866
1473,2,0.8491996,0.00032754402,6.018145e-05,3.4086133e-05,7.361521e-05,0.00019466014,0.00030917788,0.0019452326,0.9996331,0.36215866
1473,3,0.863087,0.0003133388,5.5441324e-05,3.1804277e-05,6.838379e-05,0.00018659173,0.0002894411,0.0022012503,0.999645,0.36426064
1473,4,0.8491996,0.00032754402,6.018145e-05,3.4086133e-05,7.361521e-05,0.00019466014,0.00030917788,0.0019452326,0.9996331,0.3621776
1473,5,0.96218234,0.00030296156,5.615748e-05,3.50562e-05,6.683356e-05,0.00018546432,0.00025298988,0.000792099,0.99975294,0.38587824
1473,6,0.863087,0.0003133388,5.5441324e-05,3.1804277e-05,6.838379e-05,0.00018659173,0.0002894411,0.0022012503,0.999645,0.36444703
1473,7,0.84887743,0.00031126474,5.913147e-05,3.2993183e-05,6.891524e-05,0.00018491446,0.0003078528,0.0017909406,0.99960667,0.35782257
1473,8,0.84887743,0.00031126474,5.913147e-05,3.2993183e-05,6.891524e-05,0.00018491446,0.0003078528,0.0017909406,0.99960667,0.35782912
1476,0,0.5401748,0.00032964448,5.2173797e-05,4.6049954e-05,8.502441e-05,0.00014548448,0.00036161605,0.00622374,0.9996723,0.36242118
1476,1,0.67873234,0.00039599775,7.5098666e-05,5.8239533e-05,0.00011351536,0.00018166995,0.00042167818,0.0056757955,0.99970514,0.35122082
1476,2,0.60180074,0.00038253906,6.568801e-05,5.704576e-05,0.000109987996,0.00018505062,0.00047239516,0.017213842,0.9996032,0.361178
1476,3,0.60180074,0.00038253906,6.568801e-05,5.704576e-05,0.000109987996,0.00018505062,0.00047239516,0.017213842,0.9996032,0.361178
1476,4,0.60180074,0.00038253906,6.568801e-05,5.704576e-05,0.000109987996,0.00018505062,0.00047239516,0.017213842,0.9996032,0.361178
1476,5,0.5401748,0.00032964448,5.2173797e-05,4.6049954e-05,8.502441e-05,0.00014548448,0.00036161605,0.00622374,0.9996723,0.36222324
1476,6,0.60180074,0.00038253906,6.568801e-05,5.704576e-05,0.000109987996,0.00018505062,0.00047239516,0.017213842,0.9996032,0.3613092
1476,7,0.66434115,0.00027815637,4.868551e-05,0.00011231129,6.769552e-05,0.00023917483,0.0003146173,0.0025978438,0.99969506,0.35340738
1476,8,0.5401748,0.00032964448,5.2173797e-05,4.6049954e-05,8.502441e-05,0.00014548448,0.00036161605,0.00622374,0.9996723,0.36222324
1479,0,0.7215922,0.0004413932,6.1799525e-05,3.2879478e-05,8.332097e-05,8.5139705e-05,0.00037357814,0.025016863,0.9995701,0.34174046
1479,1,0.7416336,0.00045628438,6.1641724e-05,3.300684e-05,8.2869075e-05,8.7489156e-05,0.00038214927,0.021888167,0.9996132,0.34095863
1479,2,0.7416336,0.00045628438,6.1641724e-05,3.300684e-05,8.2869075e-05,8.7489156e-05,0.00038214927,0.021888167,0.9996132,0.3409479
1479,3,0.7416336,0.00045628438,6.1641724e-05,3.300684e-05,8.2869075e-05,8.7489156e-05,0.00038214927,0.021888167,0.9996132,0.3409479
1479,4,0.7416336,0.00045628438,6.1641724e-05,3.300684e-05,8.2869075e-05,8.7489156e-05,0.00038214927,0.021888167,0.9996132,0.3409479
1479,5,0.7416336,0.00045628438,6.1641724e-05,3.300684e-05,8.2869075e-05,8.7489156e-05,0.00038214927,0.021888167,0.9996132,0.3409479
1479,6,0.74370664,0.0004611771,6.182823e-05,3.333516e-05,8.265008e-05,8.936442e-05,0.00037836906,0.01827659,0.9996259,0.3396522
1479,7,0.7416336,0.00045628438,6.1641724e-05,3.300684e-05,8.2869075e-05,8.7489156e-05,0.00038214927,0.021888167,0.9996132,0.3410269
1479,8,0.7215922,0.0004413932,6.1799525e-05,3.2879478e-05,8.332097e-05,8.5139705e-05,0.00037357814,0.025016863,0.9995701,0.3417358
1480,0,0.64074415,0.00028099376,2.8041599e-05,2.220517e-05,5.708189e-05,7.593734e-05,0.00022989063,0.08956007,0.9994772,0.33161855
1480,1,0.6451503,0.00026022116,3.2549622e-05,2.1910173e-05,5.3069154e-05,0.00010618516,0.0002335933,0.015199594,0.9995733,0.33426452
1480,2,0.64074415,0.00028099376,2.8041599e-05,2.220517e-05,5.708189e-05,7.593734e-05,0.00022989063,0.08956007,0.9994772,0.33161855
1480,3,0.6451503,0.00026022116,3.2549622e-05,2.1910173e-05,5.3069154e-05,0.00010618516,0.0002335933,0.015199594,0.9995733,0.33426452
1480,4,0.7108756,0.00031216253,3.1969095e-05,2.7485346e-05,6.102212e-05,7.858216e-05,0.00023623828,0.010505118,0.99964476,0.33012268
1480,5,0.6451503,0.00026022116,3.2549622e-05,2.1910173e-05,5.3069154e-05,0.00010618516,0.0002335933,0.015199594,0.9995733,0.33426452
1480,6,0.64074415,0.00028099376,2.8041599e-05,2.220517e-05,5.708189e-05,7.593734e-05,0.00022989063,0.08956007,0.9994772,0.33161855
1480,7,0.7152521,0.0003292409,3.292372e-05,2.8280347e-05,6.1680534e-05,8.292236e-05,0.00027229034,0.023606557,0.99961543,0.33039483
1480,8,0.6175421,0.00026009665,2.5062485e-05,2.3550127e-05,4.9883503e-05,7.197844e-05,0.00021892379,0.05310022,0.9994579,0.33592296
1481,0,0.579838,0.0004152204,6.229393e-05,0.00010224631,9.969152e-05,0.00069083046,0.00041822513,0.0027558317,0.9991702,0.36001015
1481,1,0.6029778,0.0004502649,6.130021e-05,0.00013302543,0.00013168526,0.0005359389,0.00041836768,0.001796457,0.9991222,0.52454764
1481,2,0.6478669,0.0005803688,9.401976e-05,0.00016728371,0.00017927121,0.0007994149,0.000736023,0.021666514,0.9986076,0.36562964
1481,3,0.6124585,0.00047083246,6.824705e-05,0.00013067668,0.00013507994,0.0005228387,0.0004593131,0.002449834,0.999044,0.3460894
1481,4,0.59646565,0.00031140159,6.28687e-05,9.86192e-05,0.00013447732,0.0006121219,0.00043106917,0.004752096,0.9991339,0.46604988
1481,5,0.61521536,0.00047248928,7.632182e-05,0.00010381213,0.00011284535,0.00063213956,0.0004417906,0.0026815569,0.9986933,0.35040176
1481,6,0.5798914,0.00031031005,6.104517e-05,9.709717e-05,0.00013503114,0.00058218156,0.00042448848,0.0043804003,0.9990433,0.4518126
1481,7,0.5825085,0.0003984502,5.1697793e-05,9.4511364e-05,9.951476e-05,0.0005226518,0.00038335266,0.0031119555,0.9990471,0.5786715
1481,8,0.5651875,0.00045017738,6.4289925e-05,9.051399e-05,0.00010439834,0.00059127965,0.0003570067,0.0018552975,0.9990386,0.33896947
1482,0,0.6821246,0.0003803897,6.92676e-05,0.00012394435,7.03598e-05,0.0003190092,0.00039117085,0.00025225838,0.99863005,0.5665134
1482,1,0.6805851,0.00037211124,5.661465e-05,0.00011832818,6.854565e-05,0.00032364592,0.00038592267,0.0002330243,0.9987847,0.45738497
1482,2,0.6928647,0.000377542,7.153844e-05,0.00012977862,6.947478e-05,0.00033044684,0.00040677818,0.00023706908,0.99863166,0.55537415
1482,3,0.68755054,0.00038627826,7.561247e-05,0.0001290935,7.208593e-05,0.00032616977,0.00041866733,0.00025380502,0.99855894,0.5500846
1482,4,0.6805851,0.00037211124,5.661465e-05,0.00011832818,6.854565e-05,0.00032364592,0.00038592267,0.0002330243,0.9987847,0.45738497
1482,5,0.6777691,0.0003755911,6.0629314e-05,0.00011862373,6.9859445e-05,0.0003150297,0.00038938888,0.00024655962,0.9986779,0.52246135
1482,6,0.6777691,0.0003755911,6.0629314e-05,0.00011862373,6.9859445e-05,0.0003150297,0.00038938888,0.00024655962,0.9986779,0.524342
1482,7,0.67264706,0.00039235363,6.849592e-05,0.000118327385,6.883077e-05,0.00033890447,0.0003858092,0.00022522792,0.9988167,0.52269185
1482,8,0.68755054,0.00038627826,7.561247e-05,0.0001290935,7.208593e-05,0.00032616977,0.00041866733,0.00025380502,0.99855894,0.55192375
1483,0,0.90155554,0.00038026174,5.4717122e-05,2.4665658e-05,7.848779e-05,0.00017436534,0.00034750163,0.007178792,0.9997304,0.36168492
1483,1,0.9129613,0.00038909723,4.4900535e-05,2.6347665e-05,8.422977e-05,0.00018524428,0.00037302848,0.015902705,0.9996742,0.35191584
1483,2,0.9055743,0.00041932755,5.2981883e-05,2.6263877e-05,8.3495564e-05,0.0001933007,0.0003696532,0.013569604,0.99970454,0.353811
1483,3,0.9129613,0.00038909723,4.4900535e-05,2.6347665e-05,8.422977e-05,0.00018524428,0.00037302848,0.015902705,0.9996742,0.35200867
1483,4,0.90155554,0.00038026174,5.4717122e-05,2.4665658e-05,7.848779e-05,0.00017436534,0.00034750163,0.007178792,0.9997304,0.36166993
1483,5,0.9129613,0.00038909723,4.4900535e-05,2.6347665e-05,8.422977e-05,0.00018524428,0.00037302848,0.015902705,0.9996742,0.35200867
1483,6,0.9129613,0.00038909723,4.4900535e-05,2.6347665e-05,8.422977e-05,0.00018524428,0.00037302848,0.015902705,0.9996742,0.35200867
1483,7,0.89423877,0.00047897638,5.4462715e-05,2.5606578e-05,9.4558236e-05,0.00019266037,0.00042883304,0.012588452,0.9997595,0.3556718
1483,8,0.9055743,0.00041932755,5.2981883e-05,2.6263877e-05,8.3495564e-05,0.0001933007,0.0003696532,0.013569604,0.99970454,0.3537586
1484,0,0.9049235,0.0004704996,0.00010395954,0.000113471644,9.844971e-05,0.002396562,0.0004299888,0.0028121006,0.9996538,0.3667557
1484,1,0.9049235,0.0004704996,0.00010395954,0.000113471644,9.844971e-05,0.002396562,0.0004299888,0.0028121006,0.9996538,0.3667557
1484,2,0.9049235,0.0004704996,0.00010395954,0.000113471644,9.844971e-05,0.002396562,0.0004299888,0.0028121006,0.9996538,0.3667557
1484,3,0.9049235,0.0004704996,0.00010395954,0.000113471644,9.844971e-05,0.002396562,0.0004299888,0.0028121006,0.9996538,0.3667557
1484,4,0.9049235,0.0004704996,0.00010395954,0.000113471644,9.844971e-05,0.002396562,0.0004299888,0.0028121006,0.9996538,0.36675414
1484,5,0.87737083,0.0003836667,9.146173e-05,0.00027387514,8.440529e-05,0.003708789,0.00038573288,0.0022960561,0.99965036,0.36053896
1484,6,0.8865687,0.00039756257,9.939157e-05,0.00029777613,9.3406714e-05,0.00381282,0.00041404346,0.0037309546,0.9995999,0.36133316
1484,7,0.9049235,0.0004704996,0.00010395954,0.000113471644,9.844971e-05,0.002396562,0.0004299888,0.0028121006,0.9996538,0.36685959
1484,8,0.90424013,0.00044624685,0.00010216873,0.00011596323,9.3867646e-05,0.0025707239,0.00043824167,0.0039489893,0.9996408,0.37455252
1486,0,0.9468152,0.0006017918,0.000108439206,8.121973e-05,0.00021169978,0.0002496399,0.00083687104,0.04357143,0.9995254,0.33739975
1486,1,0.9468152,0.0006017918,0.000108439206,8.121973e-05,0.00021169978,0.0002496399,0.00083687104,0.04357143,0.9995254,0.33739975
1486,2,0.94447374,0.0005569981,0.00011386335,8.132328e-05,0.00020259908,0.00029273803,0.0008314775,0.037732273,0.99954647,0.3366063
1486,3,0.9468152,0.0006017918,0.000108439206,8.121973e-05,0.00021169978,0.0002496399,0.00083687104,0.04357143,0.9995254,0.33739975
1486,4,0.9468152,0.0006017918,0.000108439206,8.121973e-05,0.00021169978,0.0002496399,0.00083687104,0.04357143,0.9995254,0.33739975
1486,5,0.94447374,0.0005569981,0.00011386335,8.132328e-05,0.00020259908,0.00029273803,0.0008314775,0.037732273,0.99954647,0.3366063
1486,6,0.94447374,0.0005569981,0.00011386335,8.132328e-05,0.00020259908,0.00029273803,0.0008314775,0.037732273,0.99954647,0.3366185
1486,7,0.9468152,0.0006017918,0.000108439206,8.121973e-05,0.00021169978,0.0002496399,0.00083687104,0.04357143,0.9995254,0.3373096
1486,8,0.9468152,0.0006017918,0.000108439206,8.121973e-05,0.00021169978,0.0002496399,0.00083687104,0.04357143,0.9995254,0.3373096
1490,0,0.9409609,0.00045217574,9.342498e-05,0.00016913442,0.00011674543,0.00013191915,0.00059711625,0.30166128,0.99943405,0.46183237
1490,1,0.935396,0.00044277566,9.470054e-05,0.00015695959,0.000116830626,0.0001133289,0.00063661096,0.54575247,0.9994005,0.48512134
1490,2,0.935396,0.00044277566,9.470054e-05,0.00015695959,0.000116830626,0.0001133289,0.00063661096,0.54575247,0.9994005,0.4852521
1490,3,0.92801046,0.0005410077,9.177712e-05,0.00010650297,0.00013055364,0.0004632456,0.00047727345,0.00178896,0.99966717,0.38404885
1490,4,0.935396,0.00044277566,9.470054e-05,0.00015695959,0.000116830626,0.0001133289,0.00063661096,0.54575247,0.9994005,0.4857894
1490,5,0.93669033,0.0004424708,8.829526e-05,0.00014592266,0.00011081693,0.00010952122,0.00060591084,0.6110121,0.99940443,0.49868777
1490,6,0.9191189,0.00044584254,0.00011699997,7.375939e-05,0.00012988261,0.00016750717,0.0005868138,0.0019267778,0.9996842,0.3683655
1490,7,0.9409609,0.00045217574,9.342498e-05,0.00016913442,0.00011674543,0.00013191915,0.00059711625,0.30166128,0.99943405,0.46174613
1490,8,0.93669033,0.0004424708,8.829526e-05,0.00014592266,0.00011081693,0.00010952122,0.00060591084,0.6110121,0.99940443,0.49882212
1493,0,0.828664,0.00040789906,6.5838896e-05,2.1256425e-05,0.00010763493,0.00013259929,0.0003428777,0.0007668662,0.9997867,0.3620418
1493,1,0.828664,0.00040789906,6.5838896e-05,2.1256425e-05,0.00010763493,0.00013259929,0.0003428777,0.0007668662,0.9997867,0.3620418
1493,2,0.828664,0.00040789906,6.5838896e-05,2.1256425e-05,0.00010763493,0.00013259929,0.0003428777,0.0007668662,0.9997867,0.3620418
1493,3,0.77843744,0.00039739814,8.076036e-05,2.1306882e-05,0.000114767776,0.00013264608,0.00032653505,0.0025807568,0.9997738,0.35227463
1493,4,0.7843673,0.00040740258,6.664251e-05,2.0118065e-05,0.00010923502,0.00013903408,0.00031138823,0.0027666746,0.99977833,0.35501257
1493,5,0.8286641,0.00040789906,6.5838896e-05,2.1256425e-05,0.00010763493,0.00013259929,0.0003428777,0.0007668662,0.9997867,0.3620151
1493,6,0.8286641,0.00040789906,6.5838896e-05,2.1256425e-05,0.00010763493,0.00013259929,0.0003428777,0.0007668662,0.9997867,0.3620151
1493,7,0.77843696,0.00039739814,8.076036e-05,2.1306882e-05,0.000114767776,0.00013264608,0.00032653505,0.0025807568,0.9997738,0.3523835
1493,8,0.8286641,0.00040789906,6.5838896e-05,2.1256425e-05,0.00010763493,0.00013259929,0.0003428777,0.0007668662,0.9997867,0.3620151
1498,0,0.913809,0.00049290305,5.1224717e-05,2.194382e-05,8.9107096e-05,0.00015160265,0.00043634,0.014272781,0.9996743,0.39990774
1498,1,0.913809,0.00049290305,5.1224717e-05,2.194382e-05,8.9107096e-05,0.00015160265,0.00043634,0.014272781,0.9996743,0.3998836
1498,2,0.913809,0.00049290305,5.1224717e-05,2.194382e-05,8.9107096e-05,0.00015160265,0.00043634,0.014272781,0.9996743,0.3998836
1498,3,0.9138091,0.0004929056,5.122462e-05,2.1943863e-05,8.910726e-05,0.00015160251,0.00043633772,0.014272612,0.9996743,0.3998836
1498,4,0.9138091,0.0004929056,5.122462e-05,2.1943863e-05,8.910726e-05,0.00015160251,0.00043633772,0.014272612,0.9996743,0.3998836
1498,5,0.9138091,0.0004929056,5.122462e-05,2.1943863e-05,8.910726e-05,0.00015160251,0.00043633772,0.014272612,0.9996743,0.3998836
1498,6,0.9138091,0.0004929056,5.122462e-05,2.1943863e-05,8.910726e-05,0.00015160251,0.00043633772,0.014272612,0.9996743,0.39997706
1498,7,0.9138091,0.0004929056,5.122462e-05,2.1943863e-05,8.910726e-05,0.00015160251,0.00043633772,0.014272612,0.9996743,0.39997706
1498,8,0.9138091,0.0004929056,5.122462e-05,2.1943863e-05,8.910726e-05,0.00015160251,0.00043633772,0.014272612,0.9996743,0.39997706
1500,0,0.63579303,0.0010832972,0.00029645977,0.00015205114,0.00021215927,0.0005303773,0.001292418,5.891028e-05,0.9992797,0.32959828
1500,1,0.63579303,0.0010832972,0.00029645977,0.00015205114,0.00021215927,0.0005303773,0.001292418,5.891028e-05,0.9992797,0.32959828
1500,2,0.63579303,0.0010832972,0.00029645977,0.00015205114,0.00021215927,0.0005303773,0.001292418,5.891028e-05,0.9992797,0.32959828
1500,3,0.63579303,0.0010832972,0.00029645977,0.00015205114,0.00021215927,0.0005303773,0.001292418,5.891028e-05,0.9992797,0.32959828
1500,4,0.63579303,0.0010832972,0.00029645977,0.00015205114,0.00021215927,0.0005303773,0.001292418,5.891028e-05,0.9992797,0.32959828
1500,5,0.63579303,0.0010832972,0.00029645977,0.00015205114,0.00021215927,0.0005303773,0.001292418,5.891028e-05,0.9992797,0.32959828
1500,6,0.63579303,0.0010832972,0.00029645977,0.00015205114,0.00021215927,0.0005303773,0.001292418,5.891028e-05,0.9992797,0.32959828
1500,7,0.63579303,0.0010832972,0.00029645977,0.00015205114,0.00021215927,0.0005303773,0.001292418,5.891028e-05,0.9992797,0.32959828
1500,8,0.63579303,0.0010832972,0.00029645977,0.00015205114,0.00021215927,0.0005303773,0.001292418,5.891028e-05,0.9992797,0.32959828
1501,0,0.59678906,0.00094468385,0.00017384309,0.00018393235,0.00020402372,0.0002664596,0.0010002528,0.00011635601,0.9994006,0.3550683
1501,1,0.59678906,0.0009446862,0.00017384309,0.00018393218,0.00020402372,0.0002664596,0.0010002533,0.000116356685,0.9994006,0.3550683
1501,2,0.59678906,0.0009446862,0.00017384309,0.00018393218,0.00020402372,0.0002664596,0.0010002533,0.000116356685,0.9994006,0.3550683
1501,3,0.59678906,0.0009446862,0.00017384309,0.00018393218,0.00020402372,0.0002664596,0.0010002533,0.000116356685,0.9994006,0.35490787
1501,4,0.59678906,0.0009446862,0.00017384309,0.00018393218,0.00020402372,0.0002664596,0.0010002533,0.000116356685,0.9994006,0.35490787
1501,5,0.59678906,0.0009446862,0.00017384309,0.00018393218,0.00020402372,0.0002664596,0.0010002533,0.000116356685,0.9994006,0.35490787
1501,6,0.59678906,0.0009446862,0.00017384309,0.00018393218,0.00020402372,0.0002664596,0.0010002533,0.000116356685,0.9994006,0.35490787
1501,7,0.59678906,0.0009446862,0.00017384309,0.00018393218,0.00020402372,0.0002664596,0.0010002533,0.000116356685,0.9994006,0.35490787
1501,8,0.59678906,0.0009446862,0.00017384309,0.00018393218,0.00020402372,0.0002664596,0.0010002533,0.000116356685,0.9994006,0.35490787
1505,0,0.79260486,0.00037697572,0.00013462962,8.283083e-05,0.00010820391,0.00019124923,0.0008648282,0.0006634163,0.99951875,0.37753916
1505,1,0.76192635,0.00038537744,0.00013127693,7.01309e-05,0.00011654534,0.00018310083,0.00090072723,0.0010340125,0.99949443,0.36933303
1505,2,0.76192635,0.00038537744,0.00013127693,7.01309e-05,0.00011654534,0.00018310083,0.00090072723,0.0010340125,0.99949443,0.36933303
1505,3,0.76192635,0.00038537744,0.00013127693,7.01309e-05,0.00011654534,0.00018310083,0.00090072723,0.0010340125,0.99949443,0.36933303
1505,4,0.76192635,0.00038537744,0.00013127693,7.01309e-05,0.00011654534,0.00018310083,0.00090072723,0.0010340125,0.99949443,0.36933303
1505,5,0.76192635,0.00038537744,0.00013127693,7.01309e-05,0.00011654534,0.00018310083,0.00090072723,0.0010340125,0.99949443,0.36932412
1505,6,0.76192635,0.00038537744,0.00013127693,7.01309e-05,0.00011654534,0.00018310083,0.00090072723,0.0010340125,0.99949443,0.36935648
1505,7,0.76192635,0.00038537744,0.00013127693,7.01309e-05,0.00011654534,0.00018310083,0.00090072723,0.0010340125,0.99949443,0.36935648
1505,8,0.7619252,0.00038537744,0.00013127693,7.01309e-05,0.00011654534,0.00018310083,0.00090072723,0.0010340125,0.99949443,0.36935648
1506,0,0.6634967,0.0007005639,9.889881e-05,7.970029e-05,7.828806e-05,0.00037476528,0.00038859903,2.9437739e-05,0.99961424,0.35736525
1506,1,0.6634967,0.0007005639,9.889881e-05,7.970029e-05,7.828806e-05,0.00037476528,0.00038859903,2.9437739e-05,0.99961424,0.35736525
1506,2,0.6634967,0.0007005639,9.889881e-05,7.970029e-05,7.828806e-05,0.00037476528,0.00038859903,2.9437739e-05,0.99961424,0.35736525
1506,3,0.6634967,0.0007005639,9.889881e-05,7.970029e-05,7.828806e-05,0.00037476528,0.00038859903,2.9437739e-05,0.99961424,0.35736525
1506,4,0.6634967,0.0007005639,9.889881e-05,7.970029e-05,7.828806e-05,0.00037476528,0.00038859903,2.9437739e-05,0.99961424,0.35736525
1506,5,0.6634967,0.0007005639,9.889881e-05,7.970029e-05,7.828806e-05,0.00037476528,0.00038859903,2.9437739e-05,0.99961424,0.35736525
1506,6,0.6634967,0.0007005639,9.889881e-05,7.970029e-05,7.828806e-05,0.00037476528,0.00038859903,2.9437739e-05,0.99961424,0.35736525
1506,7,0.6634967,0.0007005639,9.889881e-05,7.970029e-05,7.828806e-05,0.00037476528,0.00038859903,2.9437739e-05,0.99961424,0.35736525
1506,8,0.6634967,0.0007005639,9.889881e-05,7.970029e-05,7.828806e-05,0.00037476528,0.00038859903,2.9437739e-05,0.99961424,0.35736525
1507,0,0.371276,0.00096894527,0.00066012534,0.00022697043,0.00055811193,0.00022886906,0.0020095673,0.001333262,0.9828913,0.29894984
1507,1,0.348007,0.0008009643,0.0006472921,0.00024352963,0.000536003,0.00019937466,0.0019903395,0.0022706932,0.95136946,0.2909713
1507,2,0.371276,0.00096894527,0.00066012534,0.00022697043,0.00055811193,0.00022886906,0.0020095673,0.001333262,0.9828913,0.29894984
1507,3,0.371276,0.00096894527,0.00066012534,0.00022697043,0.00055811193,0.00022886906,0.0020095673,0.001333262,0.9828913,0.2990355
1507,4,0.348007,0.0008009643,0.0006472921,0.00024352963,0.000536003,0.00019937466,0.0019903395,0.0022706932,0.95136946,0.2906747
1507,5,0.371276,0.00096894527,0.00066012534,0.00022697043,0.00055811193,0.00022886906,0.0020095673,0.001333262,0.9828913,0.2989976
1507,6,0.37127575,0.00096894527,0.00066012534,0.00022697043,0.00055811193,0.00022886906,0.0020095673,0.001333262,0.9828913,0.2989976
1507,7,0.34800717,0.0008009643,0.0006472921,0.00024352963,0.000536003,0.00019937466,0.0019903395,0.0022706932,0.95136946,0.2906747
1507,8,0.34800717,0.0008009643,0.0006472921,0.00024352963,0.000536003,0.00019937466,0.0019903395,0.0022706932,0.95136946,0.29073295
1509,0,0.9389792,0.00032177044,8.280541e-05,8.413424e-05,9.515387e-05,0.00014218,0.00044870275,0.00028857592,0.9997129,0.39133796
1509,1,0.9389792,0.00032177044,8.280541e-05,8.413424e-05,9.515387e-05,0.00014218,0.00044870275,0.00028857592,0.9997129,0.39133796
1509,2,0.9389792,0.00032177044,8.280541e-05,8.413424e-05,9.515387e-05,0.00014218,0.00044870275,0.00028857592,0.9997129,0.39133796
1509,3,0.9389792,0.00032177044,8.280541e-05,8.413424e-05,9.515387e-05,0.00014218,0.00044870275,0.00028857592,0.9997129,0.39133796
1509,4,0.9389792,0.00032177044,8.280541e-05,8.413424e-05,9.515387e-05,0.00014218,0.00044870275,0.00028857592,0.9997129,0.39133796
1509,5,0.9389792,0.00032177044,8.280541e-05,8.413424e-05,9.515387e-05,0.00014218,0.00044870275,0.00028857592,0.9997129,0.39133796
1509,6,0.9389792,0.00032177044,8.280541e-05,8.413424e-05,9.515387e-05,0.00014218,0.00044870275,0.00028857592,0.9997129,0.39133796
1509,7,0.9389792,0.00032177044,8.280541e-05,8.413424e-05,9.515387e-05,0.00014218,0.00044870275,0.00028857592,0.9997129,0.39133796
1509,8,0.9389792,0.00032177044,8.280541e-05,8.413424e-05,9.515387e-05,0.00014218,0.00044870275,0.00028857592,0.9997129,0.39133796
1514,0,0.84653276,0.0006685189,0.00010030217,0.00010483757,0.000118008174,0.0001946774,0.000583766,0.0009715136,0.9997327,0.34470597
1514,1,0.84653276,0.0006685189,0.00010030217,0.00010483757,0.000118008174,0.0001946774,0.000583766,0.0009715136,0.9997327,0.34469953
1514,2,0.84653276,0.0006685189,0.00010030217,0.00010483757,0.000118008174,0.0001946774,0.000583766,0.0009715136,0.9997327,0.34468463
1514,3,0.84653276,0.0006685189,0.00010030217,0.00010483757,0.000118008174,0.0001946774,0.000583766,0.0009715136,0.9997327,0.34468463
1514,4,0.84653276,0.0006685189,0.00010030236,0.000104837374,0.00011800841,0.00019467795,0.0005837676,0.00097151083,0.9997327,0.34468463
1514,5,0.84653276,0.0006685189,0.00010030236,0.000104837374,0.00011800841,0.00019467795,0.0005837676,0.00097151083,0.9997327,0.34468463
1514,6,0.84653276,0.0006685189,0.00010030236,0.000104837374,0.00011800841,0.00019467795,0.0005837676,0.00097151083,0.9997327,0.34467825
1514,7,0.84653276,0.0006685189,0.00010030236,0.000104837374,0.00011800841,0.00019467795,0.0005837676,0.00097151083,0.9997327,0.34477183
1514,8,0.7954902,0.000471984,8.0059835e-05,8.7360015e-05,7.89055e-05,0.00017060936,0.00039694266,3.2942502e-05,0.99971265,0.35477898
1515,0,0.96008474,0.00062929094,0.00013905582,0.00015219518,0.00015909292,0.0002858039,0.000885912,0.0076532834,0.99965775,0.3286967
1515,1,0.96008474,0.00062929094,0.00013905582,0.00015219518,0.00015909292,0.0002858039,0.000885912,0.0076532834,0.99965775,0.3286967
1515,2,0.95391893,0.000595897,0.00014257658,0.00014942122,0.00013563248,0.00019740229,0.0008106511,0.004201735,0.9997023,0.3313072
1515,3,0.95391893,0.0005958984,0.00014257642,0.00014942151,0.00013563261,0.00019740286,0.00081065303,0.0042017708,0.9997023,0.33125868
1515,4,0.96008474,0.0006292921,0.00013905556,0.00015219563,0.00015909324,0.00028580445,0.000885912,0.0076532774,0.99965775,0.32866707
1515,5,0.96008474,0.0006292921,0.00013905556,0.00015219563,0.00015909324,0.00028580445,0.000885912,0.0076532774,0.99965775,0.32866707
1515,6,0.96008474,0.0006292921,0.00013905556,0.00015219563,0.00015909324,0.00028580445,0.000885912,0.0076532774,0.99965775,0.32866707
1515,7,0.96008474,0.0006292921,0.00013905556,0.00015219563,0.00015909324,0.00028580445,0.000885912,0.0076532774,0.99965775,0.32866707
1515,8,0.96008474,0.0006292921,0.00013905556,0.00015219563,0.00015909324,0.00028580445,0.000885912,0.0076532774,0.99965775,0.32863283
1521,0,0.85133153,0.00048295953,7.283885e-05,0.000120740566,8.866456e-05,0.00013445104,0.00035830922,0.00093092443,0.9998259,0.3583056
1521,1,0.85133153,0.00048295953,7.283885e-05,0.000120740566,8.866456e-05,0.00013445104,0.00035830922,0.00093092443,0.9998259,0.3583056
1521,2,0.85133153,0.00048295953,7.283885e-05,0.000120740566,8.866456e-05,0.00013445104,0.00035830922,0.00093092443,0.9998259,0.3583056
1521,3,0.85133153,0.00048295953,7.283885e-05,0.000120740566,8.866456e-05,0.00013445104,0.00035830922,0.00093092443,0.9998259,0.3583056
1521,4,0.85133153,0.00048295953,7.283885e-05,0.000120740566,8.866456e-05,0.00013445104,0.00035830922,0.00093092443,0.9998259,0.3583056
1521,5,0.85133153,0.00048295953,7.283885e-05,0.000120740566,8.866456e-05,0.00013445104,0.00035830922,0.00093092443,0.9998259,0.3583056
1521,6,0.85133153,0.00048295953,7.283885e-05,0.000120740566,8.866456e-05,0.00013445104,0.00035830922,0.00093092443,0.9998259,0.3583056
1521,7,0.85133153,0.00048295953,7.283885e-05,0.000120740566,8.866456e-05,0.00013445104,0.00035830922,0.00093092443,0.9998259,0.3583056
1521,8,0.85133153,0.00048295953,7.283885e-05,0.000120740566,8.866456e-05,0.00013445104,0.00035830922,0.00093092443,0.9998259,0.3583056
1524,0,0.96951085,0.00050985295,9.20936e-05,0.00010804112,9.67111e-05,0.00015821867,0.00054457755,0.0024841228,0.99972135,0.33725393
1524,1,0.965144,0.0004553732,9.016511e-05,0.00010652096,0.00010623459,0.00014524303,0.00059248746,0.0017949577,0.9997199,0.3353119
1524,2,0.965144,0.0004553732,9.016511e-05,0.00010652096,0.00010623459,0.00014524303,0.00059248746,0.0017949577,0.9997199,0.3353119
1524,3,0.965144,0.0004553732,9.016511e-05,0.00010652096,0.00010623459,0.00014524303,0.00059248746,0.0017949577,0.9997199,0.3353119
1524,4,0.965144,0.0004553732,9.016511e-05,0.00010652096,0.00010623459,0.00014524303,0.00059248746,0.0017949577,0.9997199,0.3353119
1524,5,0.96951085,0.00050985295,9.20936e-05,0.00010804112,9.67111e-05,0.00015821867,0.00054457755,0.0024841228,0.99972135,0.33717558
1524,6,0.9694457,0.00050074357,8.6721484e-05,0.00013125026,9.419807e-05,0.00016141123,0.0005022032,0.0013283037,0.99974984,0.34289524
1524,7,0.965144,0.0004553732,9.016511e-05,0.00010652096,0.00010623459,0.00014524303,0.00059248746,0.0017949577,0.9997199,0.33524454
1524,8,0.96951085,0.00050985295,9.20936e-05,0.00010804112,9.67111e-05,0.00015821867,0.00054457755,0.0024841228,0.99972135,0.33722213
1525,0,0.7531366,0.00057628955,9.0323956e-05,0.00017881028,0.00013163002,0.00019096532,0.00050075905,0.005239095,0.99952924,0.34142113
1525,1,0.7326109,0.0006835799,9.543183e-05,0.00018816988,0.00015264835,0.00022653284,0.00053544616,0.006182996,0.99952316,0.33920124
1525,2,0.7531366,0.00057628955,9.0323956e-05,0.00017881028,0.00013163002,0.00019096532,0.00050075905,0.005239095,0.99952924,0.34142113
1525,3,0.7335003,0.00061562384,8.84391e-05,0.00016338928,0.00013677865,0.00024247105,0.0003790583,0.0023562002,0.99961483,0.34153756
1525,4,0.8115258,0.000740681,9.087593e-05,0.00014215926,0.00014642053,0.00024261419,0.00040853373,0.005182357,0.9995809,0.34071302
1525,5,0.74068326,0.00071248907,0.00010031155,0.00018462006,0.00016344397,0.00024433015,0.0005647767,0.009341564,0.9994392,0.3410459
1525,6,0.74110264,0.00055201363,8.806469e-05,0.00017169624,0.00012956644,0.00019358787,0.0005201513,0.009188761,0.99950016,0.34250447
1525,7,0.7449425,0.0005999054,8.439234e-05,0.00015268402,0.00013731745,0.00024123464,0.00037908865,0.004681105,0.9995709,0.3406501
1525,8,0.7531366,0.00057628955,9.0323956e-05,0.00017881028,0.00013163002,0.00019096532,0.00050075905,0.005239095,0.99952924,0.34137416
1526,0,0.35125855,0.0006271447,8.027939e-05,0.00014259058,0.00028257206,0.00014459796,0.00057814934,0.2455053,0.9983852,0.3261178
1526,1,0.33352414,0.0016132855,0.0004606342,0.000124736,0.0009580435,0.00016523946,0.0023679605,0.99612254,0.9382859,0.33133164
1526,2,0.37349746,0.0007850504,0.00015472884,0.000107168526,0.00045846257,0.0003277083,0.0010899127,0.0075545236,0.9993259,0.33438814
1526,3,0.3605356,0.00084538956,0.00021815948,0.00013639964,0.00060334156,0.00026057867,0.0016942885,0.11626009,0.9983138,0.3330989
1526,4,0.43755957,0.00047671693,7.746819e-05,0.00015123101,0.00016470352,0.0002854782,0.0002766863,5.258042e-05,0.99934167,0.32880127
1526,5,0.366298,0.0008215244,0.00013949687,0.00011149743,0.00046010912,0.00032389656,0.0011124399,0.0062589585,0.9993349,0.333213
1526,6,0.35547122,0.00077478983,0.00014326697,9.9233606e-05,0.00045662554,0.00027167943,0.0013839006,0.09302749,0.99885595,0.33152577
1526,7,0.37252066,0.00084125675,0.00015404004,0.0001354921,0.00055017124,0.0003425495,0.0011063742,0.010422321,0.99936754,0.33424294
1526,8,0.33338833,0.0015655534,0.00040781216,0.0002502495,0.0010328577,0.00010663448,0.00217689,0.9987203,0.84329754,0.28407383
1528,0,0.38199666,0.000774448,0.00026300226,7.844679e-05,0.00034718905,0.00013758207,0.0014679884,0.04729319,0.99539584,0.33254138
1528,1,0.38199666,0.000774448,0.00026300226,7.844679e-05,0.00034718905,0.00013758207,0.0014679884,0.04729319,0.99539584,0.332513
1528,2,0.38199666,0.000774448,0.00026300226,7.844679e-05,0.00034718905,0.00013758207,0.0014679884,0.04729319,0.99539584,0.332513
1528,3,0.38199666,0.000774448,0.00026300226,7.844679e-05,0.00034718905,0.00013758207,0.0014679884,0.04729319,0.99539584,0.332513
1528,4,0.38199666,0.000774448,0.00026300226,7.844679e-05,0.00034718905,0.00013758207,0.0014679884,0.04729319,0.99539584,0.332513
1528,5,0.38199666,0.000774448,0.00026300226,7.844679e-05,0.00034718905,0.00013758207,0.0014679884,0.04729319,0.99539584,0.332513
1528,6,0.38199666,0.000774448,0.00026300226,7.844679e-05,0.00034718905,0.00013758207,0.0014679884,0.04729319,0.99539584,0.332513
1528,7,0.38199666,0.000774448,0.00026300226,7.844679e-05,0.00034718905,0.00013758207,0.0014679884,0.04729319,0.99539584,0.332513
1528,8,0.38199666,0.000774448,0.00026300226,7.844679e-05,0.00034718905,0.00013758207,0.0014679884,0.04729319,0.99539584,0.332513
1529,0,0.78444856,0.0006735647,0.00019295432,5.8089554e-05,0.00016077254,0.00032313258,0.0007284679,0.0040193903,0.9996087,0.33809504
1529,1,0.78444856,0.0006735647,0.00019295432,5.8089554e-05,0.00016077254,0.00032313258,0.0007284679,0.0040193903,0.9996087,0.33809504
1529,2,0.7822764,0.00064033736,0.00014659208,9.416646e-05,0.00013309458,0.00032399478,0.0006151033,0.0010484942,0.9996879,0.3356285
1529,3,0.7106934,0.0007816781,0.00016120866,7.732397e-05,0.00018984191,0.00031528538,0.00091464026,0.0024356886,0.99956816,0.33566928
1529,4,0.7760034,0.00069347356,0.00019620548,5.643186e-05,0.00016363329,0.00031462958,0.0007326919,0.0039269174,0.99959964,0.33797094
1529,5,0.7760034,0.00069347356,0.00019620548,5.643186e-05,0.00016363329,0.00031462958,0.0007326919,0.0039269174,0.99959964,0.33797094
1529,6,0.82564735,0.00059090584,0.00017233017,6.047629e-05,0.00014407332,0.00027278872,0.0006596624,0.0023443284,0.9996761,0.3385009
1529,7,0.7760034,0.00069347356,0.00019620548,5.643186e-05,0.00016363329,0.00031462958,0.0007326919,0.0039269174,0.99959964,0.33797094
1529,8,0.78444856,0.0006735647,0.00019295432,5.8089554e-05,0.00016077254,0.00032313258,0.0007284679,0.0040193903,0.9996087,0.33815786
1531,0,0.8650327,0.0004927774,9.879729e-05,0.0001377317,7.441927e-05,0.00026910278,0.00018973659,0.0002402039,0.9997255,0.34847403
1531,1,0.8650327,0.0004927774,9.879729e-05,0.0001377317,7.441927e-05,0.00026910278,0.00018973659,0.0002402039,0.9997255,0.34847403
1531,2,0.8650327,0.0004927774,9.879729e-05,0.0001377317,7.441927e-05,0.00026910278,0.00018973659,0.0002402039,0.9997255,0.34847403
1531,3,0.8650327,0.0004927774,9.879729e-05,0.0001377317,7.441927e-05,0.00026910278,0.00018973659,0.0002402039,0.9997255,0.34847403
1531,4,0.8650327,0.0004927774,9.879729e-05,0.0001377317,7.441927e-05,0.00026910278,0.00018973659,0.0002402039,0.9997255,0.34847403
1531,5,0.8650327,0.0004927774,9.879729e-05,0.0001377317,7.441927e-05,0.00026910278,0.00018973659,0.0002402039,0.9997255,0.34847403
1531,6,0.8650327,0.0004927774,9.879729e-05,0.0001377317,7.441927e-05,0.00026910278,0.00018973659,0.0002402039,0.9997255,0.34847403
1531,7,0.8650327,0.0004927774,9.879729e-05,0.0001377317,7.441927e-05,0.00026910278,0.00018973659,0.0002402039,0.9997255,0.34847403
1531,8,0.8650327,0.0004927774,9.879729e-05,0.0001377317,7.441927e-05,0.00026910278,0.00018973659,0.0002402039,0.9997255,0.34847403
1533,0,0.4119871,0.00043211793,8.951529e-05,8.645066e-05,8.505531e-05,0.0005291664,0.0006837793,2.1025222e-05,0.99948335,0.331964
1533,1,0.4119871,0.00043211793,8.951529e-05,8.645066e-05,8.505531e-05,0.0005291664,0.0006837793,2.1025222e-05,0.99948335,0.33197308
1533,2,0.4119871,0.00043211793,8.951529e-05,8.645066e-05,8.505531e-05,0.0005291664,0.0006837793,2.1025222e-05,0.99948335,0.33197308
1533,3,0.41198727,0.0004321181,8.951529e-05,8.6450586e-05,8.5055224e-05,0.0005291664,0.0006837793,2.1025222e-05,0.99948335,0.33197308
1533,4,0.41198727,0.0004321181,8.951529e-05,8.6450586e-05,8.5055224e-05,0.0005291664,0.0006837793,2.1025222e-05,0.99948335,0.33197308
1533,5,0.41198727,0.0004321181,8.951529e-05,8.6450586e-05,8.5055224e-05,0.0005291664,0.0006837793,2.1025222e-05,0.99948335,0.33197308
1533,6,0.41198727,0.0004321181,8.951529e-05,8.6450586e-05,8.5055224e-05,0.0005291664,0.0006837793,2.1025222e-05,0.99948335,0.33197308
1533,7,0.41198727,0.0004321181,8.951529e-05,8.6450586e-05,8.5055224e-05,0.0005291664,0.0006837793,2.1025222e-05,0.99948335,0.33197308
1533,8,0.41198727,0.0004321181,8.951529e-05,8.6450586e-05,8.5055224e-05,0.0005291664,0.0006837793,2.1025222e-05,0.99948335,0.33197308
