scorer,qid,n_columns,n_gold,recall@5,all@5,recall@10,all@10,recall@20,all@20
lexical,1471,21,1,1.0,1.0,1.0,1.0,1.0,1.0
lexical,1472,21,5,0.8,0.0,1.0,1.0,1.0,1.0
lexical,1473,21,5,1.0,1.0,1.0,1.0,1.0,1.0
lexical,1476,21,5,0.8,0.0,1.0,1.0,1.0,1.0
lexical,1479,21,5,0.8,0.0,1.0,1.0,1.0,1.0
lexical,1480,21,5,0.8,0.0,1.0,1.0,1.0,1.0
lexical,1481,21,6,0.8333333333333334,0.0,1.0,1.0,1.0,1.0
lexical,1482,21,6,0.6666666666666666,0.0,1.0,1.0,1.0,1.0
lexical,1483,21,3,1.0,1.0,1.0,1.0,1.0,1.0
lexical,1484,21,2,1.0,1.0,1.0,1.0,1.0,1.0
lexical,1486,21,2,1.0,1.0,1.0,1.0,1.0,1.0
lexical,1490,21,4,0.5,0.0,0.5,0.0,0.75,0.0
lexical,1493,21,3,0.6666666666666666,0.0,1.0,1.0,1.0,1.0
lexical,1498,21,2,1.0,1.0,1.0,1.0,1.0,1.0
lexical,1500,21,4,0.75,0.0,0.75,0.0,1.0,1.0
lexical,1501,21,4,0.25,0.0,0.5,0.0,1.0,1.0
lexical,1505,21,4,0.75,0.0,0.75,0.0,1.0,1.0
lexical,1506,21,6,0.3333333333333333,0.0,0.5,0.0,1.0,1.0
lexical,1507,21,4,0.25,0.0,0.5,0.0,1.0,1.0
lexical,1509,21,5,0.6,0.0,1.0,1.0,1.0,1.0
lexical,1514,21,7,0.42857142857142855,0.0,0.42857142857142855,0.0,1.0,1.0
lexical,1515,21,5,0.4,0.0,0.4,0.0,1.0,1.0
lexical,1521,21,6,0.5,0.0,1.0,1.0,1.0,1.0
lexical,1524,21,5,0.4,0.0,0.4,0.0,1.0,1.0
lexical,1525,21,4,0.75,0.0,0.75,0.0,1.0,1.0
lexical,1526,21,8,0.25,0.0,0.25,0.0,0.875,0.0
lexical,1528,21,2,1.0,1.0,1.0,1.0,1.0,1.0
lexical,1529,21,4,0.5,0.0,0.5,0.0,1.0,1.0
lexical,1531,21,5,0.8,0.0,0.8,0.0,1.0,1.0
lexical,1533,21,7,0.5714285714285714,0.0,0.5714285714285714,0.0,0.8571428571428571,0.0
embed_bge_small,1471,21,1,1.0,1.0,1.0,1.0,1.0,1.0
embed_bge_small,1472,21,5,0.6,0.0,0.6,0.0,1.0,1.0
embed_bge_small,1473,21,5,0.8,0.0,1.0,1.0,1.0,1.0
embed_bge_small,1476,21,5,0.8,0.0,0.8,0.0,1.0,1.0
embed_bge_small,1479,21,5,0.6,0.0,0.6,0.0,1.0,1.0
embed_bge_small,1480,21,5,0.6,0.0,0.6,0.0,1.0,1.0
embed_bge_small,1481,21,6,0.8333333333333334,0.0,0.8333333333333334,0.0,1.0,1.0
embed_bge_small,1482,21,6,0.6666666666666666,0.0,0.8333333333333334,0.0,1.0,1.0
embed_bge_small,1483,21,3,1.0,1.0,1.0,1.0,1.0,1.0
embed_bge_small,1484,21,2,1.0,1.0,1.0,1.0,1.0,1.0
embed_bge_small,1486,21,2,0.5,0.0,1.0,1.0,1.0,1.0
embed_bge_small,1490,21,4,0.75,0.0,1.0,1.0,1.0,1.0
embed_bge_small,1493,21,3,1.0,1.0,1.0,1.0,1.0,1.0
embed_bge_small,1498,21,2,1.0,1.0,1.0,1.0,1.0,1.0
embed_bge_small,1500,21,4,0.75,0.0,1.0,1.0,1.0,1.0
embed_bge_small,1501,21,4,0.75,0.0,1.0,1.0,1.0,1.0
embed_bge_small,1505,21,4,0.5,0.0,1.0,1.0,1.0,1.0
embed_bge_small,1506,21,6,0.5,0.0,1.0,1.0,1.0,1.0
embed_bge_small,1507,21,4,0.5,0.0,0.75,0.0,1.0,1.0
embed_bge_small,1509,21,5,0.6,0.0,0.8,0.0,1.0,1.0
embed_bge_small,1514,21,7,0.42857142857142855,0.0,0.7142857142857143,0.0,1.0,1.0
embed_bge_small,1515,21,5,0.6,0.0,1.0,1.0,1.0,1.0
embed_bge_small,1521,21,6,0.8333333333333334,0.0,0.8333333333333334,0.0,1.0,1.0
embed_bge_small,1524,21,5,0.6,0.0,1.0,1.0,1.0,1.0
embed_bge_small,1525,21,4,0.5,0.0,0.75,0.0,1.0,1.0
embed_bge_small,1526,21,8,0.375,0.0,0.75,0.0,1.0,1.0
embed_bge_small,1528,21,2,0.5,0.0,0.5,0.0,1.0,1.0
embed_bge_small,1529,21,4,0.75,0.0,1.0,1.0,1.0,1.0
embed_bge_small,1531,21,5,1.0,1.0,1.0,1.0,1.0,1.0
embed_bge_small,1533,21,7,0.5714285714285714,0.0,0.8571428571428571,0.0,1.0,1.0
rerank_bge_m3,1471,21,1,1.0,1.0,1.0,1.0,1.0,1.0
rerank_bge_m3,1472,21,5,0.8,0.0,0.8,0.0,1.0,1.0
rerank_bge_m3,1473,21,5,0.8,0.0,1.0,1.0,1.0,1.0
rerank_bge_m3,1476,21,5,0.2,0.0,0.4,0.0,1.0,1.0
rerank_bge_m3,1479,21,5,0.6,0.0,0.8,0.0,1.0,1.0
rerank_bge_m3,1480,21,5,0.4,0.0,1.0,1.0,1.0,1.0
rerank_bge_m3,1481,21,6,0.6666666666666666,0.0,0.6666666666666666,0.0,1.0,1.0
rerank_bge_m3,1482,21,6,0.8333333333333334,0.0,0.8333333333333334,0.0,1.0,1.0
rerank_bge_m3,1483,21,3,0.3333333333333333,0.0,1.0,1.0,1.0,1.0
rerank_bge_m3,1484,21,2,1.0,1.0,1.0,1.0,1.0,1.0
rerank_bge_m3,1486,21,2,0.5,0.0,0.5,0.0,1.0,1.0
rerank_bge_m3,1490,21,4,1.0,1.0,1.0,1.0,1.0,1.0
rerank_bge_m3,1493,21,3,0.6666666666666666,0.0,1.0,1.0,1.0,1.0
rerank_bge_m3,1498,21,2,1.0,1.0,1.0,1.0,1.0,1.0
rerank_bge_m3,1500,21,4,0.75,0.0,1.0,1.0,1.0,1.0
rerank_bge_m3,1501,21,4,0.75,0.0,1.0,1.0,1.0,1.0
rerank_bge_m3,1505,21,4,1.0,1.0,1.0,1.0,1.0,1.0
rerank_bge_m3,1506,21,6,0.6666666666666666,0.0,0.6666666666666666,0.0,1.0,1.0
rerank_bge_m3,1507,21,4,0.75,0.0,1.0,1.0,1.0,1.0
rerank_bge_m3,1509,21,5,0.6,0.0,0.8,0.0,1.0,1.0
rerank_bge_m3,1514,21,7,0.42857142857142855,0.0,0.7142857142857143,0.0,1.0,1.0
rerank_bge_m3,1515,21,5,0.4,0.0,1.0,1.0,1.0,1.0
rerank_bge_m3,1521,21,6,0.6666666666666666,0.0,0.8333333333333334,0.0,1.0,1.0
rerank_bge_m3,1524,21,5,0.4,0.0,0.8,0.0,1.0,1.0
rerank_bge_m3,1525,21,4,0.75,0.0,1.0,1.0,1.0,1.0
rerank_bge_m3,1526,21,8,0.375,0.0,0.875,0.0,1.0,1.0
rerank_bge_m3,1528,21,2,1.0,1.0,1.0,1.0,1.0,1.0
rerank_bge_m3,1529,21,4,0.0,0.0,0.5,0.0,1.0,1.0
rerank_bge_m3,1531,21,5,0.8,0.0,1.0,1.0,1.0,1.0
rerank_bge_m3,1533,21,7,0.2857142857142857,0.0,0.7142857142857143,0.0,1.0,1.0
gliclass_large_v3,1471,21,1,1.0,1.0,1.0,1.0,1.0,1.0
gliclass_large_v3,1472,21,5,0.4,0.0,0.6,0.0,1.0,1.0
gliclass_large_v3,1473,21,5,0.6,0.0,1.0,1.0,1.0,1.0
gliclass_large_v3,1476,21,5,0.6,0.0,0.6,0.0,1.0,1.0
gliclass_large_v3,1479,21,5,0.6,0.0,0.6,0.0,1.0,1.0
gliclass_large_v3,1480,21,5,0.4,0.0,0.8,0.0,1.0,1.0
gliclass_large_v3,1481,21,6,0.6666666666666666,0.0,0.8333333333333334,0.0,1.0,1.0
gliclass_large_v3,1482,21,6,0.5,0.0,0.6666666666666666,0.0,1.0,1.0
gliclass_large_v3,1483,21,3,0.6666666666666666,0.0,0.6666666666666666,0.0,1.0,1.0
gliclass_large_v3,1484,21,2,1.0,1.0,1.0,1.0,1.0,1.0
gliclass_large_v3,1486,21,2,0.5,0.0,0.5,0.0,1.0,1.0
gliclass_large_v3,1490,21,4,0.75,0.0,0.75,0.0,1.0,1.0
gliclass_large_v3,1493,21,3,0.6666666666666666,0.0,0.6666666666666666,0.0,0.6666666666666666,0.0
gliclass_large_v3,1498,21,2,1.0,1.0,1.0,1.0,1.0,1.0
gliclass_large_v3,1500,21,4,1.0,1.0,1.0,1.0,1.0,1.0
gliclass_large_v3,1501,21,4,1.0,1.0,1.0,1.0,1.0,1.0
gliclass_large_v3,1505,21,4,0.75,0.0,0.75,0.0,1.0,1.0
gliclass_large_v3,1506,21,6,0.8333333333333334,0.0,1.0,1.0,1.0,1.0
gliclass_large_v3,1507,21,4,1.0,1.0,1.0,1.0,1.0,1.0
gliclass_large_v3,1509,21,5,0.8,0.0,1.0,1.0,1.0,1.0
gliclass_large_v3,1514,21,7,0.42857142857142855,0.0,0.8571428571428571,0.0,1.0,1.0
gliclass_large_v3,1515,21,5,0.6,0.0,1.0,1.0,1.0,1.0
gliclass_large_v3,1521,21,6,0.6666666666666666,0.0,1.0,1.0,1.0,1.0
gliclass_large_v3,1524,21,5,0.4,0.0,1.0,1.0,1.0,1.0
gliclass_large_v3,1525,21,4,0.75,0.0,1.0,1.0,1.0,1.0
gliclass_large_v3,1526,21,8,0.5,0.0,0.625,0.0,1.0,1.0
gliclass_large_v3,1528,21,2,1.0,1.0,1.0,1.0,1.0,1.0
gliclass_large_v3,1529,21,4,0.5,0.0,1.0,1.0,1.0,1.0
gliclass_large_v3,1531,21,5,1.0,1.0,1.0,1.0,1.0,1.0
gliclass_large_v3,1533,21,7,0.5714285714285714,0.0,0.8571428571428571,0.0,1.0,1.0
gliner_bi_base_v2,1471,21,1,1.0,1.0,1.0,1.0,1.0,1.0
gliner_bi_base_v2,1472,21,5,0.4,0.0,0.8,0.0,0.8,0.0
gliner_bi_base_v2,1473,21,5,0.4,0.0,0.4,0.0,0.8,0.0
gliner_bi_base_v2,1476,21,5,0.4,0.0,0.6,0.0,0.8,0.0
gliner_bi_base_v2,1479,21,5,0.4,0.0,0.4,0.0,0.8,0.0
gliner_bi_base_v2,1480,21,5,0.4,0.0,0.6,0.0,0.8,0.0
gliner_bi_base_v2,1481,21,6,0.5,0.0,0.8333333333333334,0.0,0.8333333333333334,0.0
gliner_bi_base_v2,1482,21,6,0.8333333333333334,0.0,0.8333333333333334,0.0,1.0,1.0
gliner_bi_base_v2,1483,21,3,1.0,1.0,1.0,1.0,1.0,1.0
gliner_bi_base_v2,1484,21,2,0.5,0.0,1.0,1.0,1.0,1.0
gliner_bi_base_v2,1486,21,2,1.0,1.0,1.0,1.0,1.0,1.0
gliner_bi_base_v2,1490,21,4,0.5,0.0,0.75,0.0,1.0,1.0
gliner_bi_base_v2,1493,21,3,0.3333333333333333,0.0,0.3333333333333333,0.0,0.6666666666666666,0.0
gliner_bi_base_v2,1498,21,2,0.0,0.0,0.0,0.0,0.5,0.0
gliner_bi_base_v2,1500,21,4,0.25,0.0,0.25,0.0,1.0,1.0
gliner_bi_base_v2,1501,21,4,0.0,0.0,0.5,0.0,1.0,1.0
gliner_bi_base_v2,1505,21,4,0.5,0.0,0.75,0.0,1.0,1.0
gliner_bi_base_v2,1506,21,6,0.3333333333333333,0.0,0.6666666666666666,0.0,1.0,1.0
gliner_bi_base_v2,1507,21,4,0.5,0.0,0.75,0.0,1.0,1.0
gliner_bi_base_v2,1509,21,5,0.0,0.0,0.4,0.0,1.0,1.0
gliner_bi_base_v2,1514,21,7,0.14285714285714285,0.0,0.5714285714285714,0.0,1.0,1.0
gliner_bi_base_v2,1515,21,5,0.6,0.0,0.6,0.0,1.0,1.0
gliner_bi_base_v2,1521,21,6,0.3333333333333333,0.0,0.5,0.0,1.0,1.0
gliner_bi_base_v2,1524,21,5,0.6,0.0,0.6,0.0,1.0,1.0
gliner_bi_base_v2,1525,21,4,0.5,0.0,0.75,0.0,1.0,1.0
gliner_bi_base_v2,1526,21,8,0.375,0.0,0.5,0.0,0.875,0.0
gliner_bi_base_v2,1528,21,2,0.0,0.0,1.0,1.0,1.0,1.0
gliner_bi_base_v2,1529,21,4,0.0,0.0,0.0,0.0,1.0,1.0
gliner_bi_base_v2,1531,21,5,0.4,0.0,0.6,0.0,1.0,1.0
gliner_bi_base_v2,1533,21,7,0.2857142857142857,0.0,0.2857142857142857,0.0,0.8571428571428571,0.0
